train_id,date,feed_mode,gas_mw,diene_ppm,throughput_tph
CGC-100A,2024-01-01,mixed,26.000625,110.10416666666667,256.63124999999997
CGC-100A,2024-01-02,mixed,25.992874999999998,109.74583333333334,259.07875
CGC-100A,2024-01-03,mixed,26.05304166666667,107.64999999999999,258.8929166666667
CGC-100A,2024-01-04,mixed,25.98391666666667,109.07083333333333,256.35875
CGC-100A,2024-01-05,mixed,25.989708333333336,111.3875,255.3658333333333
CGC-100A,2024-01-06,mixed,25.917583333333337,110.15416666666665,254.93666666666664
CGC-100A,2024-01-07,mixed,25.9825,112.67083333333333,257.2916666666667
CGC-100A,2024-01-08,mixed,25.995416666666667,108.77916666666665,261.24208333333337
CGC-100A,2024-01-09,mixed,25.875249999999998,105.3125,261.97499999999997
CGC-100A,2024-01-10,mixed,25.967875000000003,111.90416666666665,262.41
CGC-100A,2024-01-11,mixed,26.097166666666666,109.07916666666667,260.8020833333333
CGC-100A,2024-01-12,mixed,26.12575,114.0,258.0679166666667
CGC-100A,2024-01-13,mixed,25.93625,109.96666666666665,257.81041666666664
CGC-100A,2024-01-14,mixed,25.905124999999998,107.58333333333333,259.675
CGC-100A,2024-01-15,mixed,26.031125,110.83333333333333,262.00916666666666
CGC-100A,2024-01-16,mixed,25.9275,112.74583333333334,264.24625
CGC-100A,2024-01-17,mixed,25.904833333333332,109.14166666666667,262.7675
CGC-100A,2024-01-18,mixed,26.105583333333332,111.125,261.1691666666667
CGC-100A,2024-01-19,mixed,26.115708333333334,108.75416666666666,258.06416666666667
CGC-100A,2024-01-20,mixed,25.939375,109.56666666666666,257.4458333333333
CGC-100A,2024-01-21,mixed,26.089166666666667,109.45833333333333,259.01458333333335
CGC-100A,2024-01-22,mixed,26.043666666666667,110.1125,261.02500000000003
CGC-100A,2024-01-23,mixed,26.072333333333333,105.39583333333333,262.97125
CGC-100A,2024-01-24,mixed,26.041208333333334,110.59583333333335,261.1095833333333
CGC-100A,2024-01-25,mixed,26.00191666666667,111.7375,259.06
CGC-100A,2024-01-26,mixed,25.978166666666667,106.575,255.98333333333335
CGC-100A,2024-01-27,mixed,25.957916666666666,107.8125,253.67708333333334
CGC-100A,2024-01-28,mixed,26.024291666666667,109.96249999999999,254.98416666666665
CGC-100A,2024-01-29,mixed,26.025375,108.325,257.06125000000003
CGC-100A,2024-01-30,mixed,25.93495833333333,108.54583333333333,258.11125
CGC-100A,2024-01-31,mixed,26.09166666666667,109.67916666666667,256.62208333333336
CGC-100A,2024-02-01,mixed,26.035208333333333,112.39583333333333,254.18791666666667
CGC-100A,2024-02-02,mixed,26.0555,112.02083333333333,250.65166666666664
CGC-100A,2024-02-03,mixed,25.871666666666666,109.1375,250.27874999999997
CGC-100A,2024-02-04,mixed,25.989166666666666,109.20833333333333,250.80583333333334
CGC-100A,2024-02-05,mixed,26.019499999999997,109.325,253.00541666666666
CGC-100A,2024-02-06,mixed,25.936833333333336,109.82916666666667,253.70291666666665
CGC-100A,2024-02-07,mixed,26.001458333333332,107.6375,253.08833333333334
CGC-100A,2024-02-08,mixed,26.074458333333336,110.58333333333333,250.36791666666667
CGC-100A,2024-02-09,mixed,25.98045833333333,113.91250000000001,247.71041666666667
CGC-100A,2024-02-10,mixed,25.939333333333334,114.425,246.43458333333334
CGC-100A,2024-02-11,mixed,26.007125000000002,106.875,248.7725
CGC-100A,2024-02-12,mixed,25.970041666666663,108.35000000000001,249.9779166666667
CGC-100A,2024-02-13,mixed,25.94458333333333,108.47916666666667,251.51666666666665
CGC-100A,2024-02-14,mixed,26.034958333333336,111.15416666666665,251.43541666666667
CGC-100A,2024-02-15,mixed,25.97,110.22916666666667,249.84625000000003
CGC-100A,2024-02-16,mixed,25.957875,111.34583333333335,247.4920833333333
CGC-100A,2024-02-17,mixed,25.948916666666666,109.91666666666667,246.1029166666667
CGC-100A,2024-02-18,mixed,26.055333333333333,108.97083333333335,248.21375
CGC-100A,2024-02-19,mixed,26.013583333333333,108.03750000000001,251.19375
CGC-100A,2024-02-20,mixed,25.983874999999998,110.8875,252.02166666666668
CGC-100A,2024-02-21,mixed,25.985249999999997,109.83333333333333,253.36166666666668
CGC-100A,2024-02-22,mixed,26.07275,108.7625,250.55041666666668
CGC-100A,2024-02-23,mixed,26.115166666666667,109.05,248.81916666666666
CGC-100A,2024-02-24,mixed,26.01908333333333,111.20833333333333,249.09708333333333
CGC-100A,2024-02-25,mixed,25.959666666666667,110.23333333333333,250.25625
CGC-100A,2024-02-26,mixed,26.195958333333333,110.74166666666667,254.30458333333334
CGC-100A,2024-02-27,mixed,25.986375,114.40833333333335,255.74041666666665
CGC-100A,2024-02-28,mixed,26.091916666666666,114.54166666666667,256.70666666666665
CGC-100A,2024-02-29,mixed,25.965166666666665,108.72500000000001,255.04916666666668
CGC-100A,2024-03-01,mixed,26.02208333333333,110.57916666666667,253.0583333333333
CGC-100A,2024-03-02,mixed,26.0655,108.99583333333334,253.48749999999998
CGC-100A,2024-03-03,mixed,25.995958333333334,107.63333333333333,254.98666666666668
CGC-100A,2024-03-04,mixed,25.997375,110.01666666666667,257.7658333333333
CGC-100A,2024-03-05,mixed,25.998416666666667,108.0125,259.91041666666666
CGC-100A,2024-03-06,mixed,26.056083333333333,109.17083333333333,260.3041666666667
CGC-100A,2024-03-07,mixed,26.121208333333332,113.53750000000001,257.9241666666667
CGC-100A,2024-03-08,mixed,26.04179166666667,109.35416666666667,256.91791666666666
CGC-100A,2024-03-09,mixed,26.095,112.08749999999999,256.2504166666667
CGC-100A,2024-03-10,mixed,25.953,111.96666666666665,259.30875
CGC-100A,2024-03-11,mixed,25.997958333333333,109.50833333333333,261.11333333333334
CGC-100A,2024-03-12,mixed,25.907541666666663,109.90833333333335,263.04583333333335
CGC-100A,2024-03-13,mixed,25.985791666666668,109.00416666666666,262.84666666666664
CGC-100A,2024-03-14,mixed,26.00725,108.83749999999999,261.18874999999997
CGC-100A,2024-03-15,mixed,25.95175,107.94166666666666,259.08208333333334
CGC-100A,2024-03-16,mixed,25.960083333333333,108.875,257.9891666666667
CGC-100A,2024-03-17,mixed,26.00525,109.72916666666667,259.2920833333333
CGC-100A,2024-03-18,mixed,25.96558333333333,111.6875,261.8804166666667
CGC-100A,2024-03-19,mixed,26.051333333333332,108.44166666666666,263.49583333333334
CGC-100A,2024-03-20,mixed,26.146958333333334,108.35000000000001,262.18916666666667
CGC-100A,2024-03-21,mixed,25.945625000000003,109.80416666666667,260.3125
CGC-100A,2024-03-22,mixed,26.118125000000003,110.5125,258.21625
CGC-100A,2024-03-23,mixed,26.147458333333333,110.05416666666667,256.45958333333334
CGC-100A,2024-03-24,mixed,25.980541666666667,109.50833333333333,257.95916666666665
CGC-100A,2024-03-25,mixed,26.106375,107.4875,260.14958333333334
CGC-100A,2024-03-26,mixed,25.913749999999997,108.92916666666667,260.2945833333333
CGC-100A,2024-03-27,mixed,25.946125,108.59166666666665,259.74333333333334
CGC-100A,2024-03-28,mixed,25.978375,108.63333333333333,256.5670833333333
CGC-100A,2024-03-29,mixed,25.98120833333333,110.8125,254.81791666666666
CGC-100A,2024-03-30,mixed,26.001541666666668,109.75416666666666,251.67499999999998
CGC-100A,2024-03-31,mixed,26.035625,107.87916666666666,253.33249999999998
CGC-100A,2024-04-01,mixed,25.954250000000002,108.14583333333333,255.16833333333332
CGC-100A,2024-04-02,mixed,26.086250000000003,106.10833333333333,255.54166666666666
CGC-100A,2024-04-03,mixed,26.012833333333333,106.54583333333333,254.72124999999997
CGC-100A,2024-04-04,mixed,26.164041666666666,112.3625,252.93708333333333
CGC-100A,2024-04-05,mixed,25.979625,115.64583333333333,249.64333333333335
CGC-100A,2024-04-06,mixed,25.991291666666665,107.20416666666667,248.32083333333333
CGC-100A,2024-04-07,mixed,25.844624999999997,110.50416666666666,249.09166666666667
CGC-100A,2024-04-08,mixed,26.016958333333335,109.64583333333333,251.74791666666667
CGC-100A,2024-04-09,mixed,26.00883333333333,110.39166666666667,252.65833333333333
CGC-100A,2024-04-10,mixed,26.002416666666665,109.60416666666667,251.96583333333334
CGC-100A,2024-04-11,mixed,26.092583333333334,108.12083333333334,249.33375
CGC-100A,2024-04-12,mixed,26.069541666666666,111.19583333333333,246.63
CGC-100A,2024-04-13,mixed,25.957375,109.64583333333333,246.70166666666668
CGC-100A,2024-04-14,mixed,26.022916666666664,113.22916666666667,247.5533333333333
CGC-100A,2024-04-15,mixed,25.999416666666665,109.75,250.23833333333334
CGC-100A,2024-04-16,mixed,26.124208333333332,112.72500000000001,251.90458333333333
CGC-100A,2024-04-17,mixed,26.052916666666665,108.60833333333333,251.45125
CGC-100A,2024-04-18,mixed,26.088916666666666,107.66250000000001,248.75291666666666
CGC-100A,2024-04-19,mixed,26.113416666666666,112.02916666666665,247.84708333333333
CGC-100A,2024-04-20,mixed,25.977791666666665,111.77499999999999,246.37583333333336
CGC-100A,2024-04-21,mixed,26.158833333333334,106.6125,249.75
CGC-100A,2024-04-22,mixed,25.961708333333334,111.78333333333335,251.89916666666667
CGC-100A,2024-04-23,mixed,26.045666666666666,109.29583333333333,254.08875
CGC-100A,2024-04-24,mixed,26.04895833333333,110.59166666666665,252.98000000000002
CGC-100A,2024-04-25,mixed,25.905958333333334,112.08333333333333,252.43041666666667
CGC-100A,2024-04-26,mixed,25.996125000000003,110.10833333333333,250.40125
CGC-100A,2024-04-27,mixed,26.041375,112.60416666666667,250.48833333333334
CGC-100A,2024-04-28,mixed,25.885125000000002,111.3,252.51458333333335
CGC-100A,2024-04-29,mixed,25.939625000000003,109.68333333333334,255.19791666666666
CGC-100A,2024-04-30,mixed,26.043833333333335,112.47916666666667,258.28583333333336
CGC-100A,2024-05-01,mixed,25.918916666666664,110.89166666666667,258.2658333333333
CGC-100A,2024-05-02,mixed,25.94475,110.44166666666666,257.10625
CGC-100A,2024-05-03,mixed,25.846666666666664,109.61666666666667,255.13166666666666
CGC-100A,2024-05-04,mixed,25.947833333333335,112.2375,254.67541666666668
CGC-100A,2024-05-05,mixed,25.84391666666667,107.55833333333334,256.9320833333333
CGC-100A,2024-05-06,mixed,25.97220833333333,107.06666666666666,259.3845833333333
CGC-100A,2024-05-07,mixed,25.967958333333332,113.03333333333335,262.15125
CGC-100A,2024-05-08,mixed,25.925541666666664,109.02083333333333,262.13666666666666
CGC-100A,2024-05-09,mixed,25.924291666666665,110.46249999999999,260.64375
CGC-100A,2024-05-10,mixed,25.878791666666668,107.25833333333333,258.6516666666667
CGC-100A,2024-05-11,mixed,25.918333333333333,112.22500000000001,258.265
CGC-100A,2024-05-12,mixed,26.04125,114.92916666666667,259.94625
CGC-100A,2024-05-13,mixed,26.003666666666664,111.55416666666667,261.5670833333333
CGC-100A,2024-05-14,mixed,25.925625,108.67083333333333,255.79125
CGC-100A,2024-05-15,mixed,25.98829166666667,107.73333333333333,229.1
CGC-100A,2024-05-16,mixed,26.187,111.8875,251.50541666666666
CGC-100A,2024-05-17,mixed,26.071916666666667,110.31666666666666,258.4841666666667
CGC-100A,2024-05-18,mixed,25.951291666666666,109.46666666666665,257.1825
CGC-100A,2024-05-19,mixed,25.930000000000003,108.0625,259.4370833333333
CGC-100A,2024-05-20,mixed,25.972624999999997,109.32083333333333,260.9216666666667
CGC-100A,2024-05-21,mixed,25.941083333333335,110.47083333333335,261.78833333333336
CGC-100A,2024-05-22,mixed,25.86629166666667,110.58333333333333,261.90333333333336
CGC-100A,2024-05-23,mixed,25.923291666666668,112.73333333333333,258.88375
CGC-100A,2024-05-24,mixed,25.962125,107.64166666666667,255.75041666666667
CGC-100A,2024-05-25,mixed,26.075541666666666,109.10000000000001,255.06125
CGC-100A,2024-05-26,mixed,25.981416666666664,106.64999999999999,255.92416666666668
CGC-100A,2024-05-27,mixed,25.962041666666664,114.02083333333333,257.89958333333334
CGC-100A,2024-05-28,mixed,25.983708333333336,108.9375,259.21375
CGC-100A,2024-05-29,mixed,26.078374999999998,107.82083333333333,257.52125
CGC-100A,2024-05-30,mixed,26.064000000000004,112.11666666666667,253.90291666666667
CGC-100A,2024-05-31,mixed,26.093791666666664,109.85000000000001,251.97958333333335
CGC-100A,2024-06-01,mixed,26.180583333333335,108.98333333333333,250.11374999999998
CGC-100A,2024-06-02,mixed,25.889583333333334,109.20416666666667,251.63875
CGC-100A,2024-06-03,mixed,26.026208333333333,110.85416666666667,253.7266666666667
CGC-100A,2024-06-04,mixed,26.126666666666665,111.31666666666666,255.08583333333334
CGC-100A,2024-06-05,naphtha,29.326541666666667,209.3125,253.48625
CGC-100A,2024-06-06,naphtha,29.546916666666664,212.21666666666667,251.0525
CGC-100A,2024-06-07,naphtha,29.556541666666664,212.8791666666667,248.56541666666666
CGC-100A,2024-06-08,naphtha,29.487583333333333,212.8375,246.70208333333335
CGC-100A,2024-06-09,naphtha,29.528458333333333,207.29583333333335,248.69916666666666
CGC-100A,2024-06-10,naphtha,29.570666666666668,209.1625,250.14333333333332
CGC-100A,2024-06-11,naphtha,29.513291666666664,210.8791666666667,252.15958333333333
CGC-100A,2024-06-12,naphtha,29.546083333333332,210.1833333333333,251.5895833333333
CGC-100A,2024-06-13,naphtha,29.393208333333334,212.36666666666667,248.9025
CGC-100A,2024-06-14,naphtha,29.333083333333335,211.02083333333334,246.73958333333334
CGC-100A,2024-06-15,naphtha,29.280708333333333,209.6916666666667,246.9908333333333
CGC-100A,2024-06-16,naphtha,29.498625,207.6916666666667,247.62708333333333
CGC-100A,2024-06-17,naphtha,29.624666666666666,208.6833333333333,251.46583333333334
CGC-100A,2024-06-18,naphtha,29.465958333333333,209.57500000000002,253.24541666666667
CGC-100A,2024-06-19,naphtha,29.643708333333333,210.1916666666667,252.34833333333333
CGC-100A,2024-06-20,naphtha,29.489375,208.76666666666665,249.62750000000003
CGC-100A,2024-06-21,naphtha,29.48425,210.58333333333334,248.275
CGC-100A,2024-06-22,naphtha,29.526791666666668,207.57083333333333,247.98416666666665
CGC-100A,2024-06-23,naphtha,29.334791666666664,210.3125,250.24541666666667
CGC-100A,2024-06-24,naphtha,29.452624999999998,209.40833333333333,253.91791666666666
CGC-100A,2024-06-25,naphtha,29.51925,208.64583333333334,255.34708333333333
CGC-100A,2024-06-26,naphtha,29.53408333333333,209.70000000000002,256.13416666666666
CGC-100A,2024-06-27,naphtha,29.376499999999997,209.025,254.13458333333335
CGC-100A,2024-06-28,naphtha,29.501875,210.3791666666667,252.51666666666665
CGC-100A,2024-06-29,naphtha,29.543958333333332,210.5375,251.79375000000002
CGC-100A,2024-06-30,naphtha,29.608791666666665,208.48749999999998,254.28416666666666
CGC-100A,2024-07-01,naphtha,29.580833333333334,206.99166666666667,258.1745833333334
CGC-100A,2024-07-02,naphtha,29.474375,210.76250000000002,259.8329166666667
CGC-100A,2024-07-03,naphtha,29.59883333333333,210.95833333333334,259.815
CGC-100A,2024-07-04,naphtha,29.471208333333333,212.59583333333333,258.57041666666663
CGC-100A,2024-07-05,naphtha,29.522833333333335,211.17083333333335,256.3483333333333
CGC-100A,2024-07-06,naphtha,29.47275,211.4,256.27333333333337
CGC-100A,2024-07-07,naphtha,29.48425,209.67083333333335,258.59208333333333
CGC-100A,2024-07-08,naphtha,29.464833333333335,210.025,261.57041666666663
CGC-100A,2024-07-09,naphtha,29.321375,208.39583333333334,262.46625
CGC-100A,2024-07-10,naphtha,29.423041666666666,212.04166666666666,263.1741666666667
CGC-100A,2024-07-11,naphtha,29.457166666666666,212.6625,261.50666666666666
CGC-100A,2024-07-12,naphtha,29.37275,213.01666666666665,258.21750000000003
CGC-100A,2024-07-13,naphtha,29.529708333333332,212.32500000000002,257.78125
CGC-100A,2024-07-14,naphtha,29.53633333333333,206.22916666666666,259.73625
CGC-100A,2024-07-15,naphtha,29.563916666666668,210.1833333333333,262.695
CGC-100A,2024-07-16,naphtha,29.40641666666667,215.89583333333334,263.77625
CGC-100A,2024-07-17,naphtha,29.482416666666666,208.61666666666667,262.6475
CGC-100A,2024-07-18,naphtha,29.441999999999997,207.72916666666666,260.81166666666667
CGC-100A,2024-07-19,naphtha,29.55241666666667,209.70000000000002,257.5879166666667
CGC-100A,2024-07-20,naphtha,29.55079166666667,208.61249999999998,257.61125
CGC-100A,2024-07-21,naphtha,29.53333333333333,211.20833333333334,257.05625000000003
CGC-100A,2024-07-22,naphtha,29.52841666666667,209.92083333333335,259.28333333333336
CGC-100A,2024-07-23,naphtha,29.45625,206.07916666666665,260.94916666666666
CGC-100A,2024-07-24,naphtha,29.581833333333336,208.42499999999998,260.84541666666667
CGC-100A,2024-07-25,naphtha,29.38479166666667,209.03333333333333,257.4941666666667
CGC-100A,2024-07-26,naphtha,29.423208333333335,209.61249999999998,254.06791666666666
CGC-100A,2024-07-27,naphtha,29.49875,209.7541666666667,253.26833333333332
CGC-100A,2024-07-28,naphtha,29.586250000000003,208.79166666666666,253.8525
CGC-100A,2024-07-29,naphtha,29.44033333333333,208.20416666666665,255.95333333333335
CGC-100A,2024-07-30,naphtha,29.498958333333334,210.19583333333333,256.8283333333333
CGC-100A,2024-07-31,mixed,26.25508333333333,113.7375,255.43083333333334
CGC-100A,2024-08-01,mixed,26.034375,111.21666666666665,252.63791666666668
CGC-100A,2024-08-02,mixed,26.010958333333335,110.85000000000001,249.91583333333332
CGC-100A,2024-08-03,mixed,26.062291666666667,106.85416666666667,248.975
CGC-100A,2024-08-04,mixed,25.9325,107.35000000000001,249.87708333333333
CGC-100A,2024-08-05,mixed,25.882791666666666,110.69166666666666,252.40958333333333
CGC-100A,2024-08-06,mixed,26.111666666666665,109.6125,252.70208333333335
CGC-100A,2024-08-07,mixed,26.041458333333335,111.5625,252.31583333333333
CGC-100A,2024-08-08,mixed,26.008208333333332,112.87916666666666,249.10041666666666
CGC-100A,2024-08-09,mixed,26.109916666666667,110.59166666666665,247.23375
CGC-100A,2024-08-10,mixed,25.955791666666666,110.55833333333334,247.29
CGC-100A,2024-08-11,mixed,26.041708333333332,112.425,248.38
CGC-100A,2024-08-12,mixed,25.880208333333332,108.43333333333334,249.51541666666665
CGC-100A,2024-08-13,mixed,26.001291666666663,113.85000000000001,251.40125
CGC-100A,2024-08-14,mixed,26.032833333333333,110.43333333333334,248.40916666666666
CGC-100A,2024-08-15,mixed,25.955833333333334,107.68333333333334,221.93083333333334
CGC-100A,2024-08-16,mixed,26.03,108.67083333333333,220.11416666666665
CGC-100A,2024-08-17,mixed,26.065708333333333,109.65833333333335,241.35333333333332
CGC-100A,2024-08-18,mixed,25.960416666666664,108.78333333333335,248.88541666666666
CGC-100A,2024-08-19,mixed,26.07825,109.52499999999999,251.2720833333333
CGC-100A,2024-08-20,mixed,25.961916666666667,110.53750000000001,253.09583333333333
CGC-100A,2024-08-21,mixed,25.9585,111.075,253.84541666666667
CGC-100A,2024-08-22,mixed,26.06441666666667,110.25,251.9466666666667
CGC-100A,2024-08-23,mixed,25.976791666666667,110.71249999999999,250.17583333333334
CGC-100A,2024-08-24,mixed,26.055083333333332,110.12916666666666,228.06458333333333
CGC-100A,2024-08-25,mixed,26.012666666666664,110.35000000000001,224.14833333333334
CGC-100A,2024-08-26,mixed,26.070999999999998,110.41250000000001,241.98416666666665
CGC-100A,2024-08-27,mixed,25.927000000000003,105.59166666666665,257.4775
CGC-100A,2024-08-28,mixed,25.94825,113.425,257.7545833333333
CGC-100A,2024-08-29,mixed,26.103958333333335,108.7625,255.84041666666667
CGC-100A,2024-08-30,mixed,26.010833333333334,109.50416666666666,254.36125
CGC-100A,2024-08-31,mixed,25.907958333333337,110.60833333333333,254.14791666666667
CGC-100A,2024-09-01,mixed,25.958250000000003,109.925,256.3179166666667
CGC-100A,2024-09-02,mixed,25.924541666666666,111.5,259.4483333333333
CGC-100A,2024-09-03,mixed,26.002125000000003,110.47500000000001,261.6979166666667
CGC-100A,2024-09-04,mixed,26.053416666666667,110.72916666666667,261.8754166666667
CGC-100A,2024-09-05,mixed,26.043833333333335,106.68333333333334,259.75416666666666
CGC-100A,2024-09-06,mixed,25.8755,108.51666666666667,257.58166666666665
CGC-100A,2024-09-07,mixed,25.947958333333332,109.55833333333334,257.35583333333335
CGC-100A,2024-09-08,mixed,26.0275,110.80416666666667,259.05916666666667
CGC-100A,2024-09-09,mixed,26.044583333333335,107.625,261.3566666666666
CGC-100A,2024-09-10,mixed,26.120208333333334,110.22916666666667,263.65958333333333
CGC-100A,2024-09-11,mixed,25.900958333333335,110.71249999999999,263.9558333333333
CGC-100A,2024-09-12,mixed,26.039666666666665,108.69583333333333,260.4220833333333
CGC-100A,2024-09-13,mixed,26.038625,109.85000000000001,259.57125
CGC-100A,2024-09-14,mixed,25.949833333333334,109.91666666666667,257.87708333333336
CGC-100A,2024-09-15,mixed,25.910625,109.8625,259.49875000000003
CGC-100A,2024-09-16,mixed,25.92279166666667,109.97916666666667,261.6645833333333
CGC-100A,2024-09-17,mixed,26.037291666666665,108.89999999999999,263.20208333333335
CGC-100A,2024-09-18,mixed,26.032375000000002,109.325,262.18125000000003
CGC-100A,2024-09-19,mixed,25.961916666666667,111.02916666666665,259.48541666666665
CGC-100A,2024-09-20,mixed,25.844291666666667,111.90833333333335,256.4575
CGC-100A,2024-09-21,mixed,26.190416666666668,110.1875,255.6925
CGC-100A,2024-09-22,mixed,26.112875,114.13333333333333,256.44625
CGC-100A,2024-09-23,mixed,25.944333333333333,108.90416666666665,258.30291666666665
CGC-100A,2024-09-24,mixed,26.05179166666667,109.71666666666665,259.2941666666666
CGC-100A,2024-09-25,mixed,26.145625,109.19583333333333,258.2129166666667
CGC-100A,2024-09-26,mixed,25.925583333333336,111.31666666666666,256.29625
CGC-100A,2024-09-27,mixed,25.949916666666667,110.46249999999999,252.88833333333332
CGC-100A,2024-09-28,mixed,25.995874999999998,108.97500000000001,250.70791666666665
CGC-100A,2024-09-29,mixed,26.076333333333334,109.9875,252.23875
CGC-100A,2024-09-30,mixed,26.037875,111.45,254.0666666666667
CGC-100A,2024-10-01,mixed,25.994874999999997,110.74583333333334,254.46333333333334
CGC-100A,2024-10-02,mixed,25.74191666666667,110.62916666666666,253.50458333333333
CGC-100A,2024-10-03,mixed,25.812291666666667,106.0,251.59458333333336
CGC-100A,2024-10-04,mixed,25.89075,109.25416666666666,248.75875
CGC-100A,2024-10-05,mixed,26.165666666666667,111.80416666666667,247.11625
CGC-100A,2024-10-06,mixed,26.05125,111.30833333333334,248.51416666666668
CGC-100A,2024-10-07,mixed,26.156125,112.19583333333333,251.06500000000003
CGC-100A,2024-10-08,mixed,25.905291666666667,112.5125,252.35333333333332
CGC-100A,2024-10-09,mixed,25.871624999999998,110.00833333333333,251.85958333333335
CGC-100A,2024-10-10,mixed,25.957833333333337,110.41666666666667,249.11166666666668
CGC-100A,2024-10-11,mixed,25.975583333333333,107.46666666666665,246.76416666666668
CGC-100A,2024-10-12,mixed,25.985041666666664,111.43333333333334,245.13291666666666
CGC-100A,2024-10-13,mixed,26.039875,109.75,247.17666666666665
CGC-100A,2024-10-14,mixed,25.960375,110.04583333333333,251.07833333333335
CGC-100A,2024-10-15,mixed,25.946749999999998,110.57916666666667,251.94708333333332
CGC-100A,2024-10-16,mixed,26.01970833333333,108.44166666666666,252.3841666666667
CGC-100A,2024-10-17,mixed,25.967291666666668,109.19166666666666,250.235
CGC-100A,2024-10-18,mixed,26.07275,109.66250000000001,248.39625
CGC-100A,2024-10-19,mixed,26.095041666666663,110.45416666666667,247.47208333333333
CGC-100A,2024-10-20,mixed,26.0575,111.65416666666665,249.34
CGC-100A,2024-10-21,mixed,26.006333333333334,108.28750000000001,252.45000000000002
CGC-100A,2024-10-22,mixed,26.000125,107.93333333333334,255.15291666666667
CGC-100A,2024-10-23,mixed,26.023208333333333,109.625,255.45916666666668
CGC-100A,2024-10-24,mixed,26.00583333333333,112.32083333333333,252.72875
CGC-100A,2024-10-25,mixed,25.982541666666666,106.33333333333333,251.5945833333333
CGC-100A,2024-10-26,mixed,26.089875000000003,112.36666666666667,251.51666666666665
CGC-100A,2024-10-27,naphtha,29.473708333333335,205.75833333333333,253.62749999999997
CGC-100A,2024-10-28,naphtha,29.45175,210.85,257.2916666666667
CGC-100A,2024-10-29,naphtha,29.438083333333335,209.48749999999998,259.20166666666665
CGC-100A,2024-10-30,naphtha,29.529041666666668,208.51666666666665,259.4225
CGC-100A,2024-10-31,naphtha,29.674208333333336,208.975,258.3041666666667
CGC-100A,2024-11-01,naphtha,29.410791666666668,209.84583333333333,255.72458333333336
CGC-100A,2024-11-02,naphtha,29.604041666666664,207.51250000000002,256.53416666666664
CGC-100A,2024-11-03,naphtha,29.655874999999998,210.275,257.9120833333333
CGC-100A,2024-11-04,naphtha,29.575125,208.3166666666667,260.6425
CGC-100A,2024-11-05,naphtha,29.3155,206.32500000000002,262.66291666666666
CGC-100A,2024-11-06,ethane,22.783875,53.862500000000004,263.07666666666665
CGC-100A,2024-11-07,ethane,22.414708333333333,48.76666666666667,259.84583333333336
CGC-100A,2024-11-08,ethane,22.553124999999998,46.166666666666664,258.3120833333333
CGC-100A,2024-11-09,ethane,22.511625,44.9625,258.92041666666665
CGC-100A,2024-11-10,ethane,22.491500000000002,45.333333333333336,259.6275
CGC-100A,2024-11-11,ethane,22.382625,46.30416666666667,262.57166666666666
CGC-100A,2024-11-12,ethane,22.618708333333334,46.5625,263.60375
CGC-100A,2024-11-13,ethane,22.47175,48.24166666666667,263.50375
CGC-100A,2024-11-14,ethane,22.600958333333335,47.199999999999996,220.87625
CGC-100A,2024-11-15,ethane,22.439666666666668,44.5,216.49333333333334
CGC-100A,2024-11-16,ethane,22.462958333333333,44.387499999999996,216.41375000000002
CGC-100A,2024-11-17,ethane,22.556749999999997,49.25,226.43416666666667
CGC-100A,2024-11-18,ethane,22.496333333333336,44.30416666666667,260.2129166666667
CGC-100A,2024-11-19,ethane,22.563291666666668,44.0375,261.0983333333333
CGC-100A,2024-11-20,ethane,22.538833333333333,43.604166666666664,260.7866666666667
CGC-100A,2024-11-21,ethane,22.465875,45.458333333333336,257.48041666666666
CGC-100A,2024-11-22,ethane,22.482958333333332,44.69583333333333,254.42916666666667
CGC-100A,2024-11-23,ethane,22.490916666666667,43.9,253.13958333333335
CGC-100A,2024-11-24,ethane,22.52841666666667,48.479166666666664,254.96833333333333
CGC-100A,2024-11-25,ethane,22.507208333333335,44.8375,256.55375
CGC-100A,2024-11-26,ethane,22.454416666666663,47.69583333333333,257.33125
CGC-100A,2024-11-27,ethane,22.38870833333333,45.362500000000004,256.2075
CGC-100A,2024-11-28,ethane,22.457375,45.74166666666667,253.51874999999998
CGC-100A,2024-11-29,ethane,22.476208333333332,45.43333333333334,250.72625000000002
CGC-100A,2024-11-30,ethane,22.398583333333335,49.65,249.16750000000002
CGC-100A,2024-12-01,ethane,22.510166666666667,44.40416666666667,250.735
CGC-100A,2024-12-02,ethane,22.607583333333334,47.19583333333333,252.66458333333333
CGC-100A,2024-12-03,ethane,22.623125,48.083333333333336,253.16
CGC-100A,2024-12-04,mixed,25.973416666666665,105.3875,253.27125
CGC-100A,2024-12-05,mixed,25.989291666666663,109.18333333333334,249.41875000000002
CGC-100A,2024-12-06,mixed,26.088791666666665,110.10000000000001,247.69500000000002
CGC-100A,2024-12-07,mixed,26.00225,109.75416666666666,246.90666666666667
CGC-100A,2024-12-08,mixed,26.049541666666666,109.2625,247.50750000000002
CGC-100A,2024-12-09,mixed,25.947,112.03750000000001,251.01833333333332
CGC-100A,2024-12-10,mixed,26.13175,108.70416666666667,252.19875000000002
CGC-100A,2024-12-11,mixed,26.136625,110.50416666666666,251.36416666666665
CGC-100A,2024-12-12,mixed,26.091125,108.63333333333333,248.8166666666667
CGC-100A,2024-12-13,mixed,26.005750000000003,108.3875,247.69000000000003
CGC-100A,2024-12-14,mixed,26.004208333333334,111.575,247.34333333333333
CGC-100A,2024-12-15,mixed,26.122333333333334,111.68333333333334,248.54125
CGC-100A,2024-12-16,mixed,25.988333333333333,110.20833333333333,250.95583333333332
CGC-100A,2024-12-17,mixed,25.865333333333336,110.18333333333334,252.93833333333336
CGC-100A,2024-12-18,mixed,25.874166666666667,110.80833333333334,253.30916666666667
CGC-100A,2024-12-19,mixed,26.042125,110.21249999999999,251.13583333333335
CGC-100A,2024-12-20,mixed,25.920666666666666,111.3625,249.11249999999998
CGC-100A,2024-12-21,mixed,25.954375,110.16666666666667,248.98333333333335
CGC-100A,2024-12-22,mixed,26.001666666666665,108.42916666666667,251.25
CGC-100A,2024-12-23,mixed,26.05558333333333,108.67083333333333,255.01416666666668
CGC-100A,2024-12-24,mixed,25.954583333333332,113.78750000000001,256.90541666666667
CGC-100A,2024-12-25,mixed,25.989208333333334,109.11666666666667,257.2366666666666
CGC-100A,2024-12-26,mixed,26.101958333333332,107.72500000000001,254.6954166666667
CGC-100A,2024-12-27,mixed,25.941541666666666,111.95,253.2179166666667
CGC-100A,2024-12-28,mixed,25.878666666666664,111.17083333333333,253.38125
CGC-100A,2024-12-29,mixed,25.937708333333333,110.60000000000001,255.36708333333334
CGC-100A,2024-12-30,mixed,25.976208333333332,109.92916666666667,259.0441666666667
CGC-100A,2024-12-31,mixed,26.07058333333333,108.57083333333333,261.2725
CGC-100A,2025-01-01,mixed,25.897291666666664,111.02083333333333,260.67625
CGC-100A,2025-01-02,mixed,26.014458333333334,104.69583333333333,259.26625
CGC-100A,2025-01-03,ethane,22.711125,46.94583333333333,257.5529166666667
CGC-100A,2025-01-04,ethane,22.410791666666668,44.32916666666667,258.115
CGC-100A,2025-01-05,ethane,22.473791666666667,42.237500000000004,259.2133333333333
CGC-100A,2025-01-06,ethane,22.431749999999997,46.65416666666667,261.83458333333334
CGC-100A,2025-01-07,ethane,22.556375,41.44166666666667,263.39958333333334
CGC-100A,2025-01-08,ethane,22.41825,43.55833333333334,263.53125
CGC-100A,2025-01-09,ethane,22.395625,45.13333333333333,261.5075
CGC-100A,2025-01-10,ethane,22.422666666666668,45.5,258.7858333333333
CGC-100A,2025-01-11,ethane,22.541875,42.949999999999996,258.16291666666666
CGC-100A,2025-01-12,ethane,22.603166666666667,42.175000000000004,259.5316666666667
CGC-100A,2025-01-13,ethane,22.487750000000002,48.28333333333333,262.39375
CGC-100A,2025-01-14,ethane,22.45483333333333,44.82916666666667,262.2816666666667
CGC-100A,2025-01-15,ethane,22.451791666666665,46.62916666666666,262.69
CGC-100A,2025-01-16,ethane,22.375125,42.37083333333333,260.06374999999997
CGC-100A,2025-01-17,ethane,22.513166666666667,44.75833333333333,257.17041666666665
CGC-100A,2025-01-18,ethane,22.548875,43.75833333333333,256.11625
CGC-100A,2025-01-19,ethane,22.373958333333334,44.025,256.6141666666667
CGC-100A,2025-01-20,ethane,22.4585,44.15833333333333,259.23791666666665
CGC-100A,2025-01-21,ethane,22.447083333333335,44.479166666666664,260.40333333333336
CGC-100A,2025-01-22,ethane,22.415375,42.87083333333334,259.03249999999997
CGC-100A,2025-01-23,ethane,22.637666666666664,40.704166666666666,255.82500000000002
CGC-100A,2025-01-24,ethane,22.557000000000002,46.37916666666666,253.96541666666667
CGC-100A,2025-01-25,ethane,22.603333333333335,45.44583333333333,252.08875
CGC-100A,2025-01-26,mixed,25.85258333333333,109.57916666666667,253.26208333333332
CGC-100A,2025-01-27,mixed,25.95629166666667,110.325,254.65791666666667
CGC-100A,2025-01-28,mixed,26.119541666666667,108.01666666666667,255.36749999999998
CGC-100A,2025-01-29,mixed,26.097416666666664,108.39999999999999,254.3970833333333
CGC-100A,2025-01-30,mixed,26.004625,109.94166666666666,251.87208333333334
CGC-100A,2025-01-31,mixed,25.954375,108.75,249.33083333333332
CGC-100A,2025-02-01,mixed,26.041583333333335,110.82916666666667,248.10666666666668
CGC-100A,2025-02-02,mixed,26.092083333333335,109.54166666666667,249.7541666666667
CGC-100A,2025-02-03,mixed,26.021375000000003,109.75416666666666,251.49249999999998
CGC-100A,2025-02-04,mixed,25.893375000000002,110.02916666666665,252.45458333333332
CGC-100A,2025-02-05,mixed,26.065708333333333,108.3625,251.0583333333333
CGC-100A,2025-02-06,mixed,26.011583333333334,110.72083333333335,249.00666666666666
CGC-100A,2025-02-07,mixed,26.154625,109.07083333333333,223.68125
CGC-100A,2025-02-08,mixed,25.935458333333333,109.875,213.295
CGC-100A,2025-02-09,mixed,25.923666666666666,109.44166666666666,215.44833333333335
CGC-100A,2025-02-10,mixed,26.161,109.75833333333333,233.95875
CGC-100A,2025-02-11,mixed,25.91333333333333,107.88333333333333,251.93583333333333
CGC-100A,2025-02-12,mixed,26.052916666666665,112.87083333333334,251.53375000000003
CGC-100A,2025-02-13,mixed,26.126625,108.325,250.03208333333336
CGC-100A,2025-02-14,mixed,25.98483333333333,112.2625,247.79916666666668
CGC-100A,2025-02-15,mixed,26.19275,110.91666666666667,247.98166666666668
CGC-100A,2025-02-16,mixed,26.045833333333334,110.175,249.24666666666667
CGC-100A,2025-02-17,mixed,25.995125,108.61666666666667,252.75875
CGC-100A,2025-02-18,mixed,26.11191666666667,109.14166666666667,254.32625
CGC-100A,2025-02-19,mixed,26.035208333333333,108.24166666666667,253.86083333333332
CGC-100A,2025-02-20,mixed,26.008958333333336,111.62916666666666,253.28791666666666
CGC-100A,2025-02-21,mixed,26.071125,105.83333333333333,251.45416666666665
CGC-100A,2025-02-22,ethane,22.68858333333333,46.354166666666664,251.39
CGC-100A,2025-02-23,ethane,22.509583333333335,44.145833333333336,252.97708333333333
CGC-100A,2025-02-24,ethane,22.5585,42.362500000000004,256.38916666666665
CGC-100A,2025-02-25,ethane,22.4425,47.104166666666664,258.495
CGC-100A,2025-02-26,ethane,22.593999999999998,45.23333333333333,258.9275
CGC-100A,2025-02-27,ethane,22.571416666666664,44.34166666666667,257.48041666666666
CGC-100A,2025-02-28,ethane,22.559250000000002,44.612500000000004,254.95833333333334
CGC-100A,2025-03-01,ethane,22.430625000000003,43.07083333333333,255.97166666666666
CGC-100A,2025-03-02,ethane,22.627583333333334,43.37916666666666,256.59541666666667
CGC-100A,2025-03-03,ethane,22.441041666666667,45.262499999999996,260.50875
CGC-100A,2025-03-04,ethane,22.451125,43.0875,262.8670833333333
CGC-100A,2025-03-05,ethane,22.487583333333333,43.72083333333333,262.67583333333334
CGC-100A,2025-03-06,ethane,22.52370833333333,45.42083333333333,260.2141666666667
CGC-100A,2025-03-07,ethane,22.538124999999997,40.61666666666667,258.1983333333333
CGC-100A,2025-03-08,ethane,22.591291666666667,45.17916666666667,258.15000000000003
CGC-100A,2025-03-09,ethane,22.477458333333335,46.68333333333334,259.56083333333333
CGC-100A,2025-03-10,ethane,22.60025,46.74583333333334,261.8483333333333
CGC-100A,2025-03-11,ethane,22.277916666666666,42.925000000000004,263.25666666666666
CGC-100A,2025-03-12,ethane,22.594624999999997,42.95416666666667,262.92083333333335
CGC-100A,2025-03-13,ethane,22.459166666666665,46.979166666666664,261.4954166666667
CGC-100A,2025-03-14,ethane,22.48175,46.1875,258.3795833333333
CGC-100A,2025-03-15,ethane,22.42079166666667,45.3375,257.47166666666664
CGC-100A,2025-03-16,ethane,22.389833333333332,44.300000000000004,257.86875000000003
CGC-100A,2025-03-17,ethane,22.417374999999996,43.74583333333334,260.5104166666667
CGC-100A,2025-03-18,ethane,22.483833333333333,41.637499999999996,261.8666666666667
CGC-100A,2025-03-19,ethane,22.48454166666667,43.24166666666667,261.89500000000004
CGC-100A,2025-03-20,ethane,22.53425,43.7875,258.12125
CGC-100A,2025-03-21,ethane,22.558125,44.98333333333333,254.96291666666664
CGC-100A,2025-03-22,ethane,22.59675,48.15833333333333,254.81500000000003
CGC-100A,2025-03-23,ethane,22.342416666666665,44.63333333333333,255.83708333333334
CGC-100A,2025-03-24,ethane,22.382708333333337,44.06666666666666,257.3275
CGC-100A,2025-03-25,ethane,22.609666666666666,50.37083333333334,237.23541666666665
CGC-100A,2025-03-26,naphtha,29.254625,198.52083333333334,215.87375
CGC-100A,2025-03-27,naphtha,29.62454166666667,212.11666666666667,213.96541666666667
CGC-100A,2025-03-28,naphtha,29.51725,208.23333333333335,229.66708333333335
CGC-100A,2025-03-29,naphtha,29.49525,212.70833333333334,249.13750000000002
CGC-100A,2025-03-30,naphtha,29.52175,213.375,251.06375
CGC-100A,2025-03-31,naphtha,29.375666666666664,208.1833333333333,253.04916666666668
CGC-100A,2025-04-01,naphtha,29.514375,210.5041666666667,254.35958333333335
CGC-100A,2025-04-02,naphtha,29.455708333333334,210.11249999999998,252.75833333333333
CGC-100A,2025-04-03,naphtha,29.472875,209.10416666666666,250.19416666666666
CGC-100A,2025-04-04,naphtha,29.461333333333332,210.4625,248.02625
CGC-100A,2025-04-05,naphtha,29.434291666666667,209.84166666666667,247.21041666666667
CGC-100A,2025-04-06,naphtha,29.643625,209.30416666666667,247.73166666666668
CGC-100A,2025-04-07,naphtha,29.374458333333333,213.6,250.14541666666665
CGC-100A,2025-04-08,naphtha,29.4545,209.01666666666665,252.45916666666668
CGC-100A,2025-04-09,naphtha,29.596541666666667,209.04583333333335,252.04666666666665
CGC-100A,2025-04-10,naphtha,29.516041666666666,209.46666666666667,248.70208333333335
CGC-100A,2025-04-11,naphtha,29.52625,212.57083333333333,246.30625
CGC-100A,2025-04-12,naphtha,29.406208333333336,211.6,246.18125
CGC-100A,2025-04-13,naphtha,29.426291666666668,212.5041666666667,247.54916666666668
CGC-100A,2025-04-14,naphtha,29.567333333333334,210.16666666666666,250.66750000000002
CGC-100A,2025-04-15,naphtha,29.349708333333336,213.8708333333333,253.04250000000002
CGC-100A,2025-04-16,naphtha,29.54325,207.5875,252.53958333333333
CGC-100A,2025-04-17,naphtha,29.576958333333334,211.2541666666667,251.7025
CGC-100A,2025-04-18,naphtha,29.492541666666668,209.57500000000002,249.27083333333334
CGC-100A,2025-04-19,naphtha,29.562250000000002,209.95833333333334,248.32125
CGC-100A,2025-04-20,naphtha,29.402541666666668,211.4416666666667,251.00333333333333
CGC-100A,2025-04-21,naphtha,29.231875000000002,209.17499999999998,253.56125
CGC-100A,2025-04-22,ethane,22.820291666666666,51.84583333333333,255.92041666666668
CGC-100A,2025-04-23,ethane,22.46229166666667,46.270833333333336,256.66375
CGC-100A,2025-04-24,ethane,22.473958333333332,44.291666666666664,254.79291666666666
CGC-100A,2025-04-25,ethane,22.5295,45.8125,252.89541666666665
CGC-100A,2025-04-26,ethane,22.366666666666664,46.57916666666667,253.76833333333335
CGC-100A,2025-04-27,ethane,22.394000000000002,45.62916666666666,255.33375
CGC-100A,2025-04-28,ethane,22.631083333333333,45.37916666666666,258.09583333333336
CGC-100A,2025-04-29,ethane,22.378375000000002,42.170833333333334,261.0375
CGC-100A,2025-04-30,ethane,22.458458333333336,41.987500000000004,260.06125000000003
CGC-100A,2025-05-01,ethane,22.451333333333334,43.42083333333333,258.71875
CGC-100A,2025-05-02,ethane,22.339166666666667,44.75416666666666,257.135
CGC-100A,2025-05-03,ethane,22.434375,42.50416666666667,256.96791666666667
CGC-100A,2025-05-04,ethane,22.55741666666667,46.76666666666667,258.06958333333336
CGC-100A,2025-05-05,ethane,22.416749999999997,42.15833333333333,261.49916666666667
CGC-100A,2025-05-06,ethane,22.572333333333333,43.833333333333336,263.66833333333335
CGC-100A,2025-05-07,ethane,22.441958333333332,44.270833333333336,263.99083333333334
CGC-100A,2025-05-08,ethane,22.537541666666666,43.42916666666667,261.46625
CGC-100A,2025-05-09,ethane,22.43658333333333,43.762499999999996,258.33458333333334
CGC-100A,2025-05-10,ethane,22.469958333333334,44.49583333333334,258.34666666666664
CGC-100A,2025-05-11,ethane,22.62025,39.766666666666666,259.00124999999997
CGC-100A,2025-05-12,ethane,22.53895833333333,47.833333333333336,261.51916666666665
CGC-100A,2025-05-13,ethane,22.498458333333332,46.52916666666667,263.4583333333333
CGC-100A,2025-05-14,ethane,22.42595833333333,46.82916666666667,263.08125
CGC-100A,2025-05-15,ethane,22.535041666666668,43.60833333333333,260.85875
CGC-100A,2025-05-16,ethane,22.499624999999998,43.59166666666667,257.0183333333333
CGC-100A,2025-05-17,ethane,22.454291666666666,42.8375,256.30875
CGC-100A,2025-05-18,ethane,22.45658333333333,42.32083333333333,257.21958333333333
CGC-100A,2025-05-19,ethane,22.363166666666668,47.61666666666667,259.42833333333334
CGC-100A,2025-05-20,ethane,22.399541666666668,44.862500000000004,260.7395833333333
CGC-100A,2025-05-21,ethane,22.501541666666668,44.0375,259.6333333333333
CGC-100A,2025-05-22,ethane,22.533583333333336,46.28333333333333,256.11541666666665
CGC-100A,2025-05-23,ethane,22.53708333333333,45.55833333333334,253.30999999999997
CGC-100A,2025-05-24,ethane,22.541541666666664,43.975,252.63708333333332
CGC-100A,2025-05-25,ethane,22.603291666666667,44.46666666666667,253.64166666666665
CGC-100A,2025-05-26,ethane,22.521208333333334,43.333333333333336,254.94583333333333
CGC-100A,2025-05-27,ethane,22.523958333333336,45.23333333333333,256.4895833333333
CGC-100A,2025-05-28,ethane,22.540916666666664,45.699999999999996,254.9283333333333
CGC-100A,2025-05-29,ethane,22.52616666666667,42.65833333333333,252.58875
CGC-100A,2025-05-30,ethane,22.580708333333334,42.81666666666666,249.22041666666667
CGC-100A,2025-05-31,ethane,22.50475,45.487500000000004,248.26583333333335
CGC-100A,2025-06-01,ethane,22.54041666666667,43.85833333333333,248.81625
CGC-100A,2025-06-02,ethane,22.497625,44.37916666666666,251.14166666666665
CGC-100A,2025-06-03,ethane,22.585041666666665,44.69166666666666,252.9075
CGC-100A,2025-06-04,ethane,22.624333333333336,47.425000000000004,251.73916666666665
CGC-100A,2025-06-05,ethane,22.405833333333334,44.449999999999996,249.45916666666668
CGC-100A,2025-06-06,ethane,22.521666666666665,47.52916666666667,246.70458333333332
CGC-100A,2025-06-07,ethane,22.489833333333333,46.458333333333336,246.6291666666667
CGC-100A,2025-06-08,ethane,22.392958333333336,43.25416666666666,247.6470833333333
CGC-100A,2025-06-09,ethane,22.541833333333333,48.5625,249.94916666666666
CGC-100A,2025-06-10,ethane,22.56475,47.8125,251.67458333333332
CGC-100A,2025-06-11,ethane,22.411375000000003,44.25833333333333,251.76291666666668
CGC-100A,2025-06-12,ethane,22.436166666666665,45.791666666666664,249.45624999999998
CGC-100A,2025-06-13,ethane,22.432374999999997,44.12916666666666,247.92624999999998
CGC-100A,2025-06-14,ethane,22.438875,44.94166666666666,246.9729166666667
CGC-100A,2025-06-15,ethane,22.50616666666667,45.225,248.80708333333334
CGC-100A,2025-06-16,ethane,22.571083333333334,46.94166666666666,252.38166666666666
CGC-100A,2025-06-17,ethane,22.490375,43.458333333333336,254.21333333333334
CGC-100A,2025-06-18,ethane,22.624499999999998,46.15,254.30416666666667
CGC-100A,2025-06-19,ethane,22.470708333333334,42.083333333333336,251.9
CGC-100A,2025-06-20,ethane,22.530625,45.84166666666667,251.33875
CGC-100A,2025-06-21,ethane,22.445541666666667,42.82916666666667,250.56625
CGC-100A,2025-06-22,ethane,22.62483333333333,48.05416666666667,252.09083333333334
CGC-100A,2025-06-23,mixed,25.858625,109.17916666666667,256.60625
CGC-100A,2025-06-24,mixed,25.873541666666668,109.325,258.1120833333333
CGC-100A,2025-06-25,mixed,25.965541666666667,108.87083333333334,257.81374999999997
CGC-100A,2025-06-26,mixed,26.031583333333334,110.85416666666667,256.11791666666664
CGC-100A,2025-06-27,mixed,26.032291666666666,111.89999999999999,254.6833333333333
CGC-100A,2025-06-28,mixed,25.93825,109.27916666666665,254.65333333333334
CGC-100A,2025-06-29,mixed,26.024375000000003,107.39999999999999,256.60583333333335
CGC-100A,2025-06-30,mixed,26.092624999999998,112.68333333333334,260.1375
CGC-100A,2025-07-01,mixed,26.059916666666666,111.01666666666667,261.9008333333333
CGC-100A,2025-07-02,mixed,25.945291666666666,111.71249999999999,261.99333333333334
CGC-100A,2025-07-03,mixed,25.945958333333333,110.82916666666667,259.80916666666667
CGC-100A,2025-07-04,mixed,26.145958333333336,108.62083333333334,258.3641666666667
CGC-100A,2025-07-05,mixed,26.027041666666666,110.825,258.0570833333333
CGC-100A,2025-07-06,mixed,26.049541666666666,109.78750000000001,259.3066666666667
CGC-100A,2025-07-07,mixed,26.105958333333334,113.08333333333333,262.42
CGC-100A,2025-07-08,mixed,26.093875,110.88333333333333,264.20375
CGC-100A,2025-07-09,mixed,25.945999999999998,111.9875,263.04125
CGC-100A,2025-07-10,mixed,25.9615,109.7625,261.62875
CGC-100A,2025-07-11,mixed,26.101083333333335,113.95833333333333,258.61583333333334
CGC-100A,2025-07-12,mixed,26.05741666666667,114.14166666666667,257.66333333333336
CGC-100A,2025-07-13,mixed,26.064083333333333,106.02499999999999,258.9479166666667
CGC-100A,2025-07-14,mixed,25.892583333333334,112.75416666666666,260.84583333333336
CGC-100A,2025-07-15,mixed,25.965708333333335,111.30416666666667,262.3520833333333
CGC-100A,2025-07-16,mixed,25.854791666666667,111.03333333333335,261.40333333333336
CGC-100A,2025-07-17,mixed,25.97145833333333,111.30833333333334,258.97375
CGC-100A,2025-07-18,mixed,26.210291666666667,113.10000000000001,256.03875
CGC-100A,2025-07-19,naphtha,29.252291666666665,205.4125,254.82000000000002
CGC-100A,2025-07-20,naphtha,29.397125,211.30416666666667,256.03333333333336
CGC-100A,2025-07-21,naphtha,29.567833333333336,211.05416666666667,257.85875
CGC-100A,2025-07-22,naphtha,29.376291666666663,211.35416666666666,259.3433333333333
CGC-100A,2025-07-23,naphtha,29.541875,210.32916666666665,258.17041666666665
CGC-100A,2025-07-24,naphtha,29.49445833333333,210.65,254.78458333333333
CGC-100A,2025-07-25,naphtha,29.454291666666666,210.82916666666665,252.57000000000002
CGC-100A,2025-07-26,naphtha,29.488208333333333,206.61249999999998,250.47208333333333
CGC-100A,2025-07-27,naphtha,29.460624999999997,210.61666666666667,251.51166666666666
CGC-100A,2025-07-28,naphtha,29.435374999999997,211.225,253.2266666666667
CGC-100A,2025-07-29,naphtha,29.397750000000002,210.96666666666667,254.55625
CGC-100A,2025-07-30,naphtha,29.641583333333333,211.35416666666666,253.31125
CGC-100A,2025-07-31,naphtha,29.547291666666666,211.15416666666667,251.15125
CGC-100A,2025-08-01,naphtha,29.51075,210.11249999999998,248.15333333333334
CGC-100A,2025-08-02,naphtha,29.474708333333336,212.4958333333333,246.495
CGC-100A,2025-08-03,naphtha,29.527749999999997,212.17083333333335,248.24958333333333
CGC-100A,2025-08-04,naphtha,29.598125,212.1625,250.11791666666667
CGC-100A,2025-08-05,naphtha,29.616541666666667,210.65,252.58416666666668
CGC-100A,2025-08-06,naphtha,29.46891666666667,213.4625,250.65625
CGC-100A,2025-08-07,naphtha,29.521,212.28333333333333,249.3425
CGC-100A,2025-08-08,naphtha,29.504583333333333,210.50833333333333,247.07875
CGC-100A,2025-08-09,naphtha,29.527291666666667,211.44583333333333,245.83375
CGC-100A,2025-08-10,naphtha,29.392625,212.9125,247.6341666666667
CGC-100A,2025-08-11,naphtha,29.496583333333334,208.90833333333333,250.96916666666667
CGC-100A,2025-08-12,naphtha,29.386750000000003,215.65416666666667,252.39833333333334
CGC-100A,2025-08-13,naphtha,29.364291666666663,212.46666666666667,252.43499999999997
CGC-100A,2025-08-14,naphtha,29.43433333333333,208.19583333333333,250.54958333333332
CGC-100A,2025-08-15,naphtha,29.349083333333336,207.475,248.79125
CGC-100A,2025-08-16,naphtha,29.473958333333332,212.4416666666667,248.43041666666667
CGC-100A,2025-08-17,naphtha,29.478041666666666,209.97916666666666,250.72333333333333
CGC-100A,2025-08-18,naphtha,29.322541666666666,210.40833333333333,253.38708333333332
CGC-100A,2025-08-19,naphtha,29.43341666666667,210.07083333333333,255.26041666666666
CGC-100A,2025-08-20,naphtha,29.463041666666665,209.90833333333333,255.3395833333333
CGC-100A,2025-08-21,naphtha,29.628208333333333,211.7875,253.74958333333333
CGC-100A,2025-08-22,naphtha,29.579958333333334,213.63750000000002,253.03375000000003
CGC-100A,2025-08-23,naphtha,29.548208333333335,209.39583333333334,252.24916666666664
CGC-100A,2025-08-24,naphtha,29.520750000000003,213.19583333333333,254.27541666666664
CGC-100A,2025-08-25,naphtha,29.491416666666666,208.04166666666666,257.87833333333333
CGC-100A,2025-08-26,mixed,26.338166666666666,114.27916666666665,260.2441666666667
CGC-100A,2025-08-27,mixed,25.943125,111.5625,260.3883333333333
CGC-100A,2025-08-28,mixed,25.922666666666668,109.8,258.54625
CGC-100A,2025-08-29,mixed,25.98991666666667,105.60416666666667,257.06708333333336
CGC-100A,2025-08-30,mixed,25.882958333333335,112.05833333333334,256.3475
CGC-100A,2025-08-31,mixed,26.030708333333333,108.94166666666666,258.955
CGC-100A,2025-09-01,mixed,26.0295,109.05416666666667,261.51458333333335
CGC-100A,2025-09-02,mixed,26.01725,110.39166666666667,263.4266666666667
CGC-100A,2025-09-03,mixed,26.051333333333332,109.05416666666667,263.8675
CGC-100A,2025-09-04,mixed,25.989125,112.60416666666667,260.52125
CGC-100A,2025-09-05,mixed,26.087,110.99166666666667,258.72666666666663
CGC-100A,2025-09-06,mixed,26.044083333333333,110.35000000000001,258.21999999999997
CGC-100A,2025-09-07,mixed,25.96704166666667,112.00833333333333,259.7633333333333
CGC-100A,2025-09-08,mixed,25.949541666666665,111.3,262.79875
CGC-100A,2025-09-09,mixed,26.037291666666665,108.29166666666667,264.045
CGC-100A,2025-09-10,mixed,25.998333333333335,109.69583333333333,262.16625
CGC-100A,2025-09-11,mixed,26.00975,114.66250000000001,260.04833333333335
CGC-100A,2025-09-12,mixed,25.98175,112.55833333333334,257.9420833333333
CGC-100A,2025-09-13,mixed,26.004499999999997,108.41666666666667,256.86083333333335
CGC-100A,2025-09-14,mixed,25.896833333333333,110.30833333333334,258.01375
CGC-100A,2025-09-15,mixed,25.931583333333332,111.24166666666667,260.65749999999997
CGC-100A,2025-09-16,mixed,26.032416666666666,110.69583333333333,261.55041666666665
CGC-100A,2025-09-17,mixed,25.954375,106.70416666666667,260.65333333333336
CGC-100A,2025-09-18,mixed,26.019750000000002,109.73333333333333,257.31041666666664
CGC-100A,2025-09-19,mixed,25.916291666666666,111.91250000000001,254.31875
CGC-100A,2025-09-20,mixed,25.934791666666666,110.70416666666667,253.00541666666666
CGC-100A,2025-09-21,mixed,26.088333333333335,111.325,235.20416666666665
CGC-100A,2025-09-22,mixed,25.9115,107.42916666666667,219.91875000000002
CGC-100A,2025-09-23,mixed,26.035625,109.06666666666666,229.24125
CGC-100A,2025-09-24,mixed,26.035416666666666,111.45416666666667,255.44833333333335
CGC-100A,2025-09-25,mixed,25.89254166666667,108.19166666666666,252.95416666666665
CGC-100A,2025-09-26,mixed,25.969083333333334,110.36666666666667,249.84833333333333
CGC-100A,2025-09-27,mixed,26.080333333333332,110.57916666666667,249.165
CGC-100A,2025-09-28,mixed,25.899083333333333,109.54583333333333,249.29416666666668
CGC-100A,2025-09-29,mixed,25.806208333333334,109.66666666666667,251.87541666666667
CGC-100A,2025-09-30,mixed,26.098875000000003,112.14999999999999,253.65791666666667
CGC-100A,2025-10-01,mixed,26.028666666666666,108.2625,251.61333333333334
CGC-100A,2025-10-02,mixed,26.016041666666666,107.54166666666667,250.64916666666667
CGC-100A,2025-10-03,mixed,26.061041666666668,108.19166666666666,247.62541666666667
CGC-100A,2025-10-04,mixed,25.974458333333335,109.68333333333334,246.35500000000002
CGC-100A,2025-10-05,mixed,26.034666666666666,107.94583333333333,247.09625000000003
CGC-100A,2025-10-06,mixed,26.12845833333333,112.66250000000001,249.56958333333333
CGC-100A,2025-10-07,mixed,26.31420833333333,109.7625,251.40458333333333
CGC-100A,2025-10-08,mixed,25.940291666666667,113.72500000000001,251.01
CGC-100A,2025-10-09,mixed,25.930625000000003,111.83749999999999,248.93625
CGC-100A,2025-10-10,mixed,25.964541666666666,109.90833333333335,247.05541666666667
CGC-100A,2025-10-11,mixed,25.92441666666667,111.3625,246.73583333333332
CGC-100A,2025-10-12,mixed,26.054916666666667,109.37916666666666,248.75708333333333
CGC-100A,2025-10-13,mixed,25.955583333333333,109.97083333333335,251.48125000000002
CGC-100A,2025-10-14,mixed,25.974,108.24166666666667,254.12666666666667
CGC-100A,2025-10-15,mixed,26.11645833333333,111.60000000000001,253.80375
CGC-100A,2025-10-16,mixed,25.962791666666664,111.30833333333334,251.56708333333333
CGC-100A,2025-10-17,mixed,26.09166666666667,111.35833333333333,249.99333333333334
CGC-100A,2025-10-18,mixed,25.97883333333333,109.79166666666667,249.97625000000002
CGC-100A,2025-10-19,mixed,25.982916666666668,107.95,252.24249999999998
CGC-100A,2025-10-20,mixed,25.876291666666663,113.06666666666666,254.94208333333333
CGC-100A,2025-10-21,mixed,25.841416666666664,112.35000000000001,257.13708333333335
CGC-100A,2025-10-22,mixed,26.171833333333336,109.45833333333333,257.8
CGC-100A,2025-10-23,mixed,25.982625,105.93333333333334,241.125
CGC-100A,2025-10-24,mixed,25.913666666666668,110.75833333333333,230.28875000000002
CGC-100A,2025-10-25,mixed,25.939125,108.03750000000001,253.71875
CGC-100A,2025-10-26,mixed,25.98154166666667,108.82083333333333,256.40125
CGC-100A,2025-10-27,mixed,26.060999999999996,109.675,259.3304166666667
CGC-100A,2025-10-28,mixed,26.118291666666664,108.30416666666667,261.63416666666666
CGC-100A,2025-10-29,mixed,26.004166666666666,111.0125,261.43625000000003
CGC-100A,2025-10-30,mixed,26.012333333333334,103.60000000000001,260.3025
CGC-100A,2025-10-31,mixed,25.965416666666666,106.73333333333333,246.68125
CGC-100A,2025-11-01,ethane,22.620041666666665,48.050000000000004,224.06500000000003
CGC-100A,2025-11-02,ethane,22.441958333333332,42.82916666666667,246.68375
CGC-100A,2025-11-03,ethane,22.504166666666666,48.27916666666667,262.0779166666667
CGC-100A,2025-11-04,ethane,22.459333333333333,43.81666666666666,263.2758333333333
CGC-100A,2025-11-05,ethane,22.58175,45.67083333333333,263.74583333333334
CGC-100A,2025-11-06,ethane,22.630750000000003,45.4625,261.2941666666667
CGC-100A,2025-11-07,ethane,22.589458333333337,46.525,259.0208333333333
CGC-100A,2025-11-08,ethane,22.430541666666667,42.28333333333333,257.59999999999997
CGC-100A,2025-11-09,ethane,22.54425,42.979166666666664,259.5
CGC-100A,2025-11-10,ethane,22.447333333333333,45.6625,261.62208333333336
CGC-100A,2025-11-11,ethane,22.581374999999998,44.729166666666664,262.74666666666667
CGC-100A,2025-11-12,ethane,22.57341666666667,44.083333333333336,261.06458333333336
CGC-100A,2025-11-13,ethane,22.587416666666666,44.145833333333336,258.9870833333333
CGC-100A,2025-11-14,ethane,22.470166666666668,45.50416666666666,256.65958333333333
CGC-100A,2025-11-15,ethane,22.5455,42.92916666666667,255.08541666666667
CGC-100A,2025-11-16,ethane,22.571625,44.35,256.0216666666667
CGC-100A,2025-11-17,ethane,22.488249999999997,47.21666666666667,258.3491666666667
CGC-100A,2025-11-18,ethane,22.551833333333335,44.6625,259.16375
CGC-100A,2025-11-19,ethane,22.50225,44.69166666666666,257.86791666666664
CGC-100A,2025-11-20,ethane,22.46175,47.28333333333333,255.89458333333334
CGC-100A,2025-11-21,ethane,22.43795833333333,45.50833333333333,251.46416666666667
CGC-100A,2025-11-22,ethane,22.548166666666663,42.925000000000004,251.55958333333334
CGC-100A,2025-11-23,ethane,22.488625,46.525,251.45083333333332
CGC-100A,2025-11-24,ethane,22.453208333333333,44.96666666666667,254.24249999999998
CGC-100A,2025-11-25,ethane,22.49908333333333,45.525,255.125
CGC-100A,2025-11-26,ethane,22.431416666666667,43.53333333333333,254.51541666666665
CGC-100A,2025-11-27,ethane,22.557041666666667,45.6875,251.01250000000002
CGC-100A,2025-11-28,ethane,22.562250000000002,45.84166666666667,247.98125000000002
CGC-100A,2025-11-29,ethane,22.520333333333337,44.05833333333334,247.64041666666665
CGC-100A,2025-11-30,ethane,22.54779166666667,42.300000000000004,248.96583333333334
CGC-100A,2025-12-01,ethane,22.581041666666668,48.208333333333336,251.42291666666665
CGC-100A,2025-12-02,ethane,22.620416666666667,43.68333333333334,252.68583333333333
CGC-100A,2025-12-03,ethane,22.422375,43.18333333333334,251.4454166666667
CGC-100A,2025-12-04,ethane,22.39833333333333,47.02916666666667,248.66625
CGC-100A,2025-12-05,ethane,22.53425,45.775,246.93541666666667
CGC-100A,2025-12-06,ethane,22.52870833333333,48.137499999999996,245.90041666666664
CGC-100A,2025-12-07,ethane,22.6095,46.27916666666667,247.49541666666667
CGC-100A,2025-12-08,ethane,22.48008333333333,46.3125,251.06875
CGC-100A,2025-12-09,ethane,22.40116666666667,45.75,252.50458333333333
CGC-100A,2025-12-10,ethane,22.516000000000002,42.84583333333333,251.96041666666667
CGC-100A,2025-12-11,ethane,22.605625,44.11666666666667,250.7925
CGC-100A,2025-12-12,ethane,22.506208333333333,44.15,248.33041666666668
CGC-100A,2025-12-13,ethane,22.57825,44.237500000000004,247.50666666666666
CGC-100A,2025-12-14,ethane,22.394750000000002,45.40833333333333,250.03458333333333
CGC-100A,2025-12-15,ethane,22.600083333333334,49.775,252.8175
CGC-100A,2025-12-16,naphtha,29.25570833333333,203.00833333333333,255.45666666666668
CGC-100A,2025-12-17,naphtha,29.73229166666667,206.63333333333333,255.08833333333334
CGC-100A,2025-12-18,naphtha,29.461291666666668,209.61249999999998,254.25750000000002
CGC-100A,2025-12-19,naphtha,29.360333333333333,207.1,252.48333333333335
CGC-100A,2025-12-20,naphtha,29.47491666666667,207.35,252.18375
CGC-100A,2025-12-21,naphtha,29.51825,212.33333333333334,253.49458333333334
CGC-100A,2025-12-22,naphtha,29.545125,209.875,256.5470833333333
CGC-100A,2025-12-23,naphtha,29.556208333333334,211.15416666666667,259.3066666666667
CGC-100A,2025-12-24,naphtha,29.382958333333335,212.26666666666665,259.3125
CGC-100A,2025-12-25,naphtha,29.527041666666666,210.92916666666667,257.69374999999997
CGC-100A,2025-12-26,naphtha,29.525875,210.21666666666667,255.9125
CGC-100A,2025-12-27,naphtha,29.545916666666667,209.39166666666665,255.84083333333334
CGC-100A,2025-12-28,naphtha,29.566166666666664,211.7541666666667,257.93
CGC-100A,2025-12-29,naphtha,29.55333333333333,209.46666666666667,261.12875
CGC-100A,2025-12-30,naphtha,29.516375,209.20416666666665,262.7083333333333
CGC-200B,2024-01-01,mixed,25.99445833333333,110.22083333333335,246.37375
CGC-200B,2024-01-02,mixed,25.940208333333334,110.18333333333334,248.83041666666668
CGC-200B,2024-01-03,mixed,26.12875,109.10833333333333,248.14166666666665
CGC-200B,2024-01-04,mixed,26.037541666666666,109.7,246.06958333333333
CGC-200B,2024-01-05,mixed,25.91395833333333,108.38333333333333,244.17166666666665
CGC-200B,2024-01-06,mixed,25.862375,110.27083333333333,243.06416666666667
CGC-200B,2024-01-07,mixed,25.964541666666666,111.80833333333334,244.5220833333333
CGC-200B,2024-01-08,mixed,25.94333333333333,113.35000000000001,246.90125
CGC-200B,2024-01-09,mixed,26.048833333333334,110.57916666666667,249.20916666666665
CGC-200B,2024-01-10,mixed,25.99,114.7,248.33041666666668
CGC-200B,2024-01-11,mixed,26.009,110.32916666666667,244.78416666666666
CGC-200B,2024-01-12,mixed,25.958375,108.19166666666666,242.09625000000003
CGC-200B,2024-01-13,mixed,26.005333333333336,112.54166666666667,241.4225
CGC-200B,2024-01-14,mixed,25.828708333333335,112.23333333333333,242.4225
CGC-200B,2024-01-15,mixed,25.94095833333333,109.22916666666667,244.01333333333332
CGC-200B,2024-01-16,mixed,26.128541666666667,109.52916666666665,245.83041666666668
CGC-200B,2024-01-17,mixed,25.92216666666667,108.07916666666667,244.69291666666666
CGC-200B,2024-01-18,mixed,26.0235,109.87083333333334,242.32625
CGC-200B,2024-01-19,mixed,25.875874999999997,111.5625,239.20666666666668
CGC-200B,2024-01-20,mixed,25.9135,109.89583333333333,238.44208333333333
CGC-200B,2024-01-21,mixed,26.055833333333336,110.57916666666667,238.92916666666667
CGC-200B,2024-01-22,mixed,26.040458333333333,109.79166666666667,240.7720833333333
CGC-200B,2024-01-23,mixed,26.13891666666667,116.4375,242.585
CGC-200B,2024-01-24,mixed,25.975166666666667,112.87083333333334,240.76999999999998
CGC-200B,2024-01-25,mixed,26.044916666666666,111.94166666666666,237.61541666666668
CGC-200B,2024-01-26,mixed,26.035833333333333,111.23333333333333,234.4020833333333
CGC-200B,2024-01-27,mixed,25.995958333333334,109.30416666666667,232.955
CGC-200B,2024-01-28,mixed,25.95075,108.10000000000001,234.34458333333336
CGC-200B,2024-01-29,mixed,26.066333333333333,108.40833333333335,236.65333333333334
CGC-200B,2024-01-30,mixed,25.876458333333332,108.28333333333335,238.515
CGC-200B,2024-01-31,mixed,26.037499999999998,109.44166666666666,236.5979166666667
CGC-200B,2024-02-01,mixed,25.834416666666666,109.43333333333334,229.27041666666665
CGC-200B,2024-02-02,mixed,25.946166666666667,111.67916666666667,202.66791666666666
CGC-200B,2024-02-03,mixed,25.894583333333333,111.16250000000001,202.00750000000002
CGC-200B,2024-02-04,mixed,26.081916666666668,112.99166666666667,202.64833333333334
CGC-200B,2024-02-05,mixed,26.0415,110.30833333333334,218.34124999999997
CGC-200B,2024-02-06,mixed,26.024583333333336,111.23333333333333,237.21541666666667
CGC-200B,2024-02-07,mixed,26.007666666666665,113.04583333333333,236.02083333333334
CGC-200B,2024-02-08,mixed,25.99,111.41666666666667,233.98125000000002
CGC-200B,2024-02-09,mixed,25.990416666666665,109.34166666666665,232.52416666666667
CGC-200B,2024-02-10,mixed,25.995208333333334,109.175,231.93875
CGC-200B,2024-02-11,mixed,25.923458333333333,110.1875,234.9775
CGC-200B,2024-02-12,mixed,25.984333333333336,109.83749999999999,236.2508333333333
CGC-200B,2024-02-13,mixed,25.897833333333335,113.17083333333333,239.11416666666665
CGC-200B,2024-02-14,mixed,26.008,110.31666666666666,238.83083333333332
CGC-200B,2024-02-15,mixed,26.017666666666667,109.35833333333333,237.68083333333334
CGC-200B,2024-02-16,mixed,26.00408333333333,113.12916666666666,235.63083333333336
CGC-200B,2024-02-17,mixed,26.117,113.04583333333333,235.02083333333334
CGC-200B,2024-02-18,mixed,26.097708333333333,108.89583333333333,237.40583333333333
CGC-200B,2024-02-19,mixed,26.059875,112.21249999999999,240.80875
CGC-200B,2024-02-20,mixed,25.948666666666668,112.6375,242.72583333333333
CGC-200B,2024-02-21,mixed,25.975708333333333,111.375,243.40541666666664
CGC-200B,2024-02-22,mixed,25.961916666666667,115.44583333333333,241.66958333333332
CGC-200B,2024-02-23,mixed,25.984291666666667,112.42916666666667,239.485
CGC-200B,2024-02-24,mixed,25.874750000000002,110.34583333333335,240.47333333333333
CGC-200B,2024-02-25,mixed,25.9235,107.17083333333333,242.57083333333333
CGC-200B,2024-02-26,mixed,26.155124999999998,112.6375,244.7275
CGC-200B,2024-02-27,mixed,26.066666666666666,110.925,246.93416666666667
CGC-200B,2024-02-28,mixed,25.91433333333333,106.99166666666667,247.21666666666667
CGC-200B,2024-02-29,mixed,26.081208333333333,108.49166666666667,244.68083333333334
CGC-200B,2024-03-01,mixed,25.967916666666667,110.6375,242.9104166666667
CGC-200B,2024-03-02,mixed,26.0915,110.01666666666667,242.32708333333335
CGC-200B,2024-03-03,mixed,25.975375,108.97083333333335,244.32125
CGC-200B,2024-03-04,mixed,26.03833333333333,107.6125,247.3975
CGC-200B,2024-03-05,mixed,25.907291666666666,106.175,249.2145833333333
CGC-200B,2024-03-06,mixed,25.968833333333333,114.95416666666667,247.87875
CGC-200B,2024-03-07,mixed,25.906916666666664,112.66250000000001,245.88958333333335
CGC-200B,2024-03-08,mixed,25.978583333333333,112.7,243.68541666666667
CGC-200B,2024-03-09,mixed,26.04195833333333,110.14166666666667,242.45583333333332
CGC-200B,2024-03-10,mixed,26.132833333333334,109.3,243.84625000000003
CGC-200B,2024-03-11,mixed,25.992791666666665,106.9375,246.62125
CGC-200B,2024-03-12,mixed,26.086833333333335,106.60833333333333,248.34
CGC-200B,2024-03-13,mixed,26.001541666666668,112.05,247.48083333333332
CGC-200B,2024-03-14,mixed,26.089125,108.97916666666667,243.70916666666668
CGC-200B,2024-03-15,mixed,26.139458333333334,110.94583333333333,240.88
CGC-200B,2024-03-16,mixed,26.024291666666667,110.65416666666665,240.11291666666668
CGC-200B,2024-03-17,mixed,25.890416666666667,113.39999999999999,241.14
CGC-200B,2024-03-18,mixed,25.954125,112.28750000000001,243.14166666666665
CGC-200B,2024-03-19,mixed,26.051541666666665,110.80833333333334,243.58916666666667
CGC-200B,2024-03-20,mixed,25.992125,113.4875,242.60375
CGC-200B,2024-03-21,mixed,26.101958333333332,107.14999999999999,239.63208333333333
CGC-200B,2024-03-22,mixed,25.981624999999998,114.45833333333333,237.18041666666667
CGC-200B,2024-03-23,mixed,25.974791666666665,110.96666666666665,235.18916666666667
CGC-200B,2024-03-24,mixed,25.956416666666666,107.54583333333333,237.09708333333333
CGC-200B,2024-03-25,mixed,26.103916666666667,111.77499999999999,238.99666666666667
CGC-200B,2024-03-26,mixed,26.020625,107.86666666666667,239.8175
CGC-200B,2024-03-27,mixed,25.969458333333336,110.72500000000001,238.13875
CGC-200B,2024-03-28,mixed,26.049000000000003,112.19166666666666,235.84583333333333
CGC-200B,2024-03-29,mixed,25.8275,111.27916666666665,234.01999999999998
CGC-200B,2024-03-30,mixed,26.018958333333334,111.95833333333333,232.65333333333334
CGC-200B,2024-03-31,mixed,26.1185,112.75833333333333,232.72083333333333
CGC-200B,2024-04-01,mixed,26.063333333333333,109.85833333333333,235.24708333333334
CGC-200B,2024-04-02,mixed,25.943541666666665,107.10000000000001,237.2925
CGC-200B,2024-04-03,mixed,25.926291666666668,109.8,236.82000000000002
CGC-200B,2024-04-04,mixed,26.04925,109.5625,234.38
CGC-200B,2024-04-05,mixed,26.08383333333333,105.625,230.79208333333335
CGC-200B,2024-04-06,mixed,25.954458333333335,107.8,231.41583333333332
CGC-200B,2024-04-07,mixed,25.876125000000002,105.07916666666667,232.39916666666667
CGC-200B,2024-04-08,mixed,25.895750000000003,107.10833333333333,235.58375
CGC-200B,2024-04-09,mixed,25.85325,110.35416666666667,237.39083333333335
CGC-200B,2024-04-10,mixed,26.044124999999998,106.07916666666667,237.10166666666666
CGC-200B,2024-04-11,mixed,25.972083333333334,108.24583333333334,235.60500000000002
CGC-200B,2024-04-12,mixed,25.888375,109.45,234.45833333333334
CGC-200B,2024-04-13,mixed,25.95175,110.92083333333333,233.17
CGC-200B,2024-04-14,mixed,25.990458333333333,112.4875,235.34583333333333
CGC-200B,2024-04-15,mixed,25.886041666666667,106.99583333333334,238.33416666666668
CGC-200B,2024-04-16,mixed,26.024874999999998,109.89999999999999,239.97041666666667
CGC-200B,2024-04-17,mixed,26.093374999999998,108.02916666666665,239.8216666666667
CGC-200B,2024-04-18,mixed,25.977500000000003,110.59583333333335,239.29958333333332
CGC-200B,2024-04-19,mixed,26.059625,112.92083333333333,236.31375
CGC-200B,2024-04-20,mixed,26.06675,109.26666666666667,236.78458333333333
CGC-200B,2024-04-21,mixed,26.081208333333333,111.0125,239.51708333333332
CGC-200B,2024-04-22,mixed,26.1645,113.14999999999999,241.70791666666665
CGC-200B,2024-04-23,mixed,25.875,109.52916666666665,244.525
CGC-200B,2024-04-24,mixed,26.103708333333334,109.55416666666667,244.16208333333336
CGC-200B,2024-04-25,mixed,26.11854166666667,109.75,242.84333333333333
CGC-200B,2024-04-26,mixed,26.077625,112.84583333333335,240.90708333333336
CGC-200B,2024-04-27,mixed,26.112791666666666,110.39166666666667,240.78125
CGC-200B,2024-04-28,mixed,25.96620833333333,110.69166666666666,243.0525
CGC-200B,2024-04-29,mixed,25.867,108.2,246.01458333333335
CGC-200B,2024-04-30,mixed,26.010208333333335,113.77083333333333,243.85
CGC-200B,2024-05-01,mixed,26.02179166666667,112.45833333333333,243.85
CGC-200B,2024-05-02,mixed,25.905541666666664,109.97083333333335,243.85
CGC-200B,2024-05-03,mixed,25.946250000000003,110.00833333333333,243.85
CGC-200B,2024-05-04,mixed,25.981375,107.8125,243.85
CGC-200B,2024-05-05,mixed,26.02775,108.54583333333333,243.85
CGC-200B,2024-05-06,mixed,25.965374999999998,108.66666666666667,243.85
CGC-200B,2024-05-07,mixed,26.157833333333333,109.7375,243.85
CGC-200B,2024-05-08,mixed,26.036625,109.66666666666667,243.85
CGC-200B,2024-05-09,mixed,26.01070833333333,110.29166666666667,243.85
CGC-200B,2024-05-10,mixed,25.967958333333332,111.64166666666667,243.85
CGC-200B,2024-05-11,mixed,26.04008333333333,111.43333333333334,243.85
CGC-200B,2024-05-12,mixed,25.997958333333333,111.17916666666667,243.85
CGC-200B,2024-05-13,mixed,25.972583333333333,108.45416666666667,243.85
CGC-200B,2024-05-14,mixed,25.97125,108.27499999999999,243.85
CGC-200B,2024-05-15,mixed,25.951125,112.62916666666666,243.85
CGC-200B,2024-05-16,mixed,26.000833333333333,106.8625,243.85
CGC-200B,2024-05-17,mixed,26.029041666666668,115.48333333333333,243.85
CGC-200B,2024-05-18,naphtha,29.348708333333335,203.97083333333333,238.63833333333332
CGC-200B,2024-05-19,naphtha,29.372,210.47916666666666,238.97708333333333
CGC-200B,2024-05-20,naphtha,29.4365,209.6875,240.83791666666664
CGC-200B,2024-05-21,naphtha,29.510791666666666,210.82500000000002,242.18375
CGC-200B,2024-05-22,naphtha,29.51654166666667,204.95416666666665,240.80583333333334
CGC-200B,2024-05-23,naphtha,29.458583333333333,209.75833333333333,237.57375000000002
CGC-200B,2024-05-24,naphtha,29.453875,207.8375,235.54291666666666
CGC-200B,2024-05-25,naphtha,29.485833333333332,207.9625,233.9425
CGC-200B,2024-05-26,naphtha,29.605541666666667,209.8791666666667,235.27791666666667
CGC-200B,2024-05-27,naphtha,29.559541666666664,212.1625,237.26916666666668
CGC-200B,2024-05-28,naphtha,29.393375000000002,211.23749999999998,237.93541666666667
CGC-200B,2024-05-29,naphtha,29.352,213.20833333333334,237.55999999999997
CGC-200B,2024-05-30,naphtha,29.432875,209.9958333333333,233.9825
CGC-200B,2024-05-31,naphtha,29.386958333333336,208.6208333333333,232.6520833333333
CGC-200B,2024-06-01,naphtha,29.533833333333334,207.75,231.8125
CGC-200B,2024-06-02,naphtha,29.5235,211.67083333333335,232.01041666666666
CGC-200B,2024-06-03,naphtha,29.44458333333333,209.48333333333335,234.90083333333334
CGC-200B,2024-06-04,naphtha,29.45575,208.73749999999998,237.15666666666667
CGC-200B,2024-06-05,naphtha,29.476375,207.50833333333333,236.61125
CGC-200B,2024-06-06,naphtha,29.582416666666663,210.2541666666667,234.5675
CGC-200B,2024-06-07,naphtha,29.486333333333334,206.6875,231.46833333333333
CGC-200B,2024-06-08,mixed,26.28833333333333,113.55,231.76958333333334
CGC-200B,2024-06-09,mixed,25.974875,107.51666666666667,233.67875
CGC-200B,2024-06-10,mixed,25.9665,113.25,236.34916666666666
CGC-200B,2024-06-11,mixed,25.904625,108.39583333333333,238.45166666666668
CGC-200B,2024-06-12,mixed,26.022916666666664,109.69166666666666,238.535
CGC-200B,2024-06-13,mixed,25.98691666666667,109.86666666666667,236.78208333333336
CGC-200B,2024-06-14,mixed,26.021208333333334,111.22500000000001,235.11374999999998
CGC-200B,2024-06-15,mixed,26.03225,110.10416666666667,235.31500000000003
CGC-200B,2024-06-16,mixed,26.081083333333336,107.50833333333333,236.665
CGC-200B,2024-06-17,mixed,26.144333333333336,107.94166666666666,240.1654166666667
CGC-200B,2024-06-18,mixed,26.013499999999997,109.875,241.93583333333333
CGC-200B,2024-06-19,mixed,25.945125,110.88333333333333,242.43958333333333
CGC-200B,2024-06-20,mixed,26.052625000000003,107.48333333333333,240.96083333333334
CGC-200B,2024-06-21,mixed,25.996666666666666,113.27499999999999,238.71708333333333
CGC-200B,2024-06-22,mixed,26.00825,111.82083333333333,238.79333333333332
CGC-200B,2024-06-23,mixed,25.965708333333335,109.47916666666667,241.84041666666667
CGC-200B,2024-06-24,mixed,25.9645,111.79166666666667,243.9729166666667
CGC-200B,2024-06-25,mixed,26.016750000000002,108.53750000000001,246.74541666666667
CGC-200B,2024-06-26,mixed,26.119249999999997,104.75,246.26208333333332
CGC-200B,2024-06-27,mixed,26.075416666666666,110.875,244.25833333333333
CGC-200B,2024-06-28,mixed,25.948625000000003,111.35416666666667,242.42208333333335
CGC-200B,2024-06-29,mixed,26.05525,110.39166666666667,242.56458333333333
CGC-200B,2024-06-30,mixed,25.902708333333333,110.14583333333333,244.39666666666668
CGC-200B,2024-07-01,mixed,26.150833333333335,109.8125,247.04541666666668
CGC-200B,2024-07-02,mixed,26.160083333333333,111.6125,248.69333333333336
CGC-200B,2024-07-03,mixed,25.975916666666667,109.45416666666667,248.26874999999998
CGC-200B,2024-07-04,mixed,26.016375,110.49166666666667,245.99666666666667
CGC-200B,2024-07-05,mixed,26.069458333333333,113.94166666666666,243.92125
CGC-200B,2024-07-06,mixed,25.988833333333332,111.7625,243.67958333333334
CGC-200B,2024-07-07,mixed,26.00708333333333,109.2375,244.85791666666668
CGC-200B,2024-07-08,mixed,26.024041666666665,107.86666666666667,246.43625
CGC-200B,2024-07-09,mixed,26.034291666666665,111.7375,247.4908333333333
CGC-200B,2024-07-10,mixed,25.95625,107.82916666666667,247.01874999999998
CGC-200B,2024-07-11,mixed,26.056625,110.20833333333333,244.93958333333333
CGC-200B,2024-07-12,mixed,26.046791666666667,113.325,241.95749999999998
CGC-200B,2024-07-13,mixed,25.820666666666668,112.96666666666665,240.29291666666666
CGC-200B,2024-07-14,mixed,25.93075,112.96666666666665,240.8429166666667
CGC-200B,2024-07-15,mixed,26.004375,109.375,244.28625
CGC-200B,2024-07-16,mixed,25.8015,110.08749999999999,244.57375000000002
CGC-200B,2024-07-17,mixed,25.992,110.84166666666665,243.60166666666666
CGC-200B,2024-07-18,mixed,25.974208333333333,108.96249999999999,240.29916666666668
CGC-200B,2024-07-19,mixed,25.935833333333335,110.85833333333333,237.74708333333334
CGC-200B,2024-07-20,mixed,25.965791666666664,108.08333333333333,236.47333333333333
CGC-200B,2024-07-21,mixed,26.04879166666667,109.35833333333333,237.1966666666667
CGC-200B,2024-07-22,mixed,26.049666666666667,106.925,239.23666666666668
CGC-200B,2024-07-23,ethane,22.745041666666665,47.637499999999996,239.95416666666665
CGC-200B,2024-07-24,ethane,22.480083333333337,46.89166666666667,238.75583333333336
CGC-200B,2024-07-25,ethane,22.63575,44.40833333333333,236.92625
CGC-200B,2024-07-26,ethane,22.472125000000002,44.69583333333333,234.23541666666665
CGC-200B,2024-07-27,ethane,22.529625,43.64166666666667,232.85083333333333
CGC-200B,2024-07-28,ethane,22.444,47.020833333333336,232.79958333333332
CGC-200B,2024-07-29,ethane,22.463624999999997,43.99583333333334,235.82458333333332
CGC-200B,2024-07-30,ethane,22.636208333333332,46.43333333333334,236.90666666666667
CGC-200B,2024-07-31,ethane,22.576416666666663,43.10833333333333,237.01916666666668
CGC-200B,2024-08-01,ethane,22.560374999999997,43.44583333333333,234.44625
CGC-200B,2024-08-02,ethane,22.537291666666665,45.98333333333333,231.92125
CGC-200B,2024-08-03,ethane,22.518291666666666,43.50416666666666,230.95375
CGC-200B,2024-08-04,ethane,22.52716666666667,44.050000000000004,232.8225
CGC-200B,2024-08-05,ethane,22.485791666666668,42.22083333333333,234.85375
CGC-200B,2024-08-06,ethane,22.420833333333334,47.03333333333333,237.10666666666668
CGC-200B,2024-08-07,mixed,25.826416666666663,110.39166666666667,237.15625
CGC-200B,2024-08-08,mixed,26.052333333333333,109.97916666666667,235.70000000000002
CGC-200B,2024-08-09,mixed,25.97854166666667,107.125,232.57458333333332
CGC-200B,2024-08-10,mixed,26.04858333333333,110.68333333333334,232.66458333333333
CGC-200B,2024-08-11,mixed,25.959666666666667,113.63333333333333,234.67499999999998
CGC-200B,2024-08-12,mixed,25.91179166666667,107.1375,237.6258333333333
CGC-200B,2024-08-13,mixed,26.073125,107.54166666666667,239.74
CGC-200B,2024-08-14,mixed,25.943166666666666,113.99583333333334,240.03875000000002
CGC-200B,2024-08-15,mixed,26.069625000000002,108.6875,238.735
CGC-200B,2024-08-16,mixed,25.900750000000002,106.35000000000001,237.1775
CGC-200B,2024-08-17,mixed,26.067458333333335,110.35416666666667,210.22583333333333
CGC-200B,2024-08-18,mixed,25.985791666666668,110.75833333333333,211.63541666666666
CGC-200B,2024-08-19,mixed,25.943291666666667,109.21249999999999,242.28083333333333
CGC-200B,2024-08-20,mixed,26.057166666666664,109.7375,243.83624999999998
CGC-200B,2024-08-21,mixed,26.012125,111.90833333333335,244.01291666666665
CGC-200B,2024-08-22,mixed,26.04595833333333,109.16250000000001,242.4825
CGC-200B,2024-08-23,mixed,26.075416666666666,110.91666666666667,241.11458333333334
CGC-200B,2024-08-24,mixed,25.942041666666668,112.53750000000001,241.06541666666666
CGC-200B,2024-08-25,mixed,25.944,107.58333333333333,243.43375
CGC-200B,2024-08-26,mixed,26.07404166666667,111.21666666666665,232.93041666666667
CGC-200B,2024-08-27,mixed,25.831875,109.62083333333334,209.66708333333335
CGC-200B,2024-08-28,mixed,26.04341666666667,110.60000000000001,209.92666666666665
CGC-200B,2024-08-29,mixed,25.979375,107.75833333333333,239.3975
CGC-200B,2024-08-30,mixed,25.985500000000002,106.45416666666667,243.71375
CGC-200B,2024-08-31,mixed,25.95220833333333,111.49166666666667,242.20000000000002
CGC-200B,2024-09-01,mixed,26.013875,113.74583333333334,244.36416666666665
CGC-200B,2024-09-02,mixed,25.977125,109.79583333333333,248.03708333333336
CGC-200B,2024-09-03,mixed,26.065791666666666,108.375,249.21541666666667
CGC-200B,2024-09-04,mixed,26.115624999999998,109.94166666666666,248.19791666666666
CGC-200B,2024-09-05,mixed,26.0415,111.36666666666667,245.595
CGC-200B,2024-09-06,mixed,26.028791666666667,109.20416666666667,243.42125
CGC-200B,2024-09-07,mixed,26.049625000000002,109.0,242.4645833333333
CGC-200B,2024-09-08,mixed,26.071583333333333,106.4875,244.1483333333333
CGC-200B,2024-09-09,mixed,26.069541666666666,110.95833333333333,246.3429166666667
CGC-200B,2024-09-10,mixed,25.895583333333335,111.82916666666667,247.31041666666667
CGC-200B,2024-09-11,mixed,25.990624999999998,111.00416666666666,245.60458333333335
CGC-200B,2024-09-12,mixed,25.954916666666666,109.67083333333333,242.96333333333334
CGC-200B,2024-09-13,mixed,25.965458333333334,108.4875,240.08624999999998
CGC-200B,2024-09-14,mixed,25.90941666666667,109.37916666666666,239.82208333333332
CGC-200B,2024-09-15,mixed,26.019625,110.53750000000001,239.68833333333336
CGC-200B,2024-09-16,mixed,25.9705,111.5,241.90374999999997
CGC-200B,2024-09-17,mixed,26.00554166666667,109.47916666666667,243.23583333333332
CGC-200B,2024-09-18,mixed,25.962958333333333,113.66250000000001,241.15833333333333
CGC-200B,2024-09-19,mixed,26.034666666666666,112.43333333333334,238.22375
CGC-200B,2024-09-20,mixed,25.938875,106.79166666666667,235.42666666666665
CGC-200B,2024-09-21,mixed,25.9055,108.53750000000001,234.6425
CGC-200B,2024-09-22,mixed,25.992416666666667,109.25416666666666,235.97083333333333
CGC-200B,2024-09-23,mixed,26.012,107.76666666666667,237.07458333333332
CGC-200B,2024-09-24,mixed,25.907458333333334,108.39999999999999,239.26625
CGC-200B,2024-09-25,mixed,25.853375,109.74583333333334,225.80666666666664
CGC-200B,2024-09-26,mixed,26.0265,109.02083333333333,205.42416666666668
CGC-200B,2024-09-27,mixed,25.95883333333333,110.75416666666666,230.32333333333335
CGC-200B,2024-09-28,mixed,25.936916666666665,109.72500000000001,231.57500000000002
CGC-200B,2024-09-29,mixed,25.984458333333333,109.9375,232.90833333333333
CGC-200B,2024-09-30,mixed,26.06820833333333,111.32083333333333,234.60083333333333
CGC-200B,2024-10-01,mixed,25.943708333333333,106.16666666666667,236.24458333333334
CGC-200B,2024-10-02,mixed,25.96529166666667,106.18333333333334,236.75
CGC-200B,2024-10-03,mixed,26.196083333333334,111.52083333333333,233.41875000000002
CGC-200B,2024-10-04,mixed,26.074875000000002,110.53750000000001,231.93541666666667
CGC-200B,2024-10-05,mixed,26.021708333333333,109.80833333333334,232.17708333333334
CGC-200B,2024-10-06,mixed,26.047708333333333,107.64583333333333,233.49875
CGC-200B,2024-10-07,mixed,25.989833333333333,106.69166666666666,236.53458333333333
CGC-200B,2024-10-08,mixed,26.021416666666667,111.91250000000001,237.92125
CGC-200B,2024-10-09,mixed,26.08066666666667,108.47083333333335,237.88666666666666
CGC-200B,2024-10-10,mixed,26.069125,108.375,236.04291666666666
CGC-200B,2024-10-11,mixed,25.89925,108.73333333333333,234.48375
CGC-200B,2024-10-12,mixed,26.043083333333332,107.97083333333335,233.82500000000002
CGC-200B,2024-10-13,mixed,25.840500000000002,111.30416666666667,235.55166666666665
CGC-200B,2024-10-14,mixed,26.01816666666667,111.30833333333334,239.7725
CGC-200B,2024-10-15,mixed,26.101083333333335,108.34166666666665,241.91333333333333
CGC-200B,2024-10-16,mixed,26.078208333333333,110.78750000000001,241.67416666666668
CGC-200B,2024-10-17,mixed,26.017041666666668,107.27083333333333,239.36875
CGC-200B,2024-10-18,mixed,26.009291666666666,108.45833333333333,238.01125000000002
CGC-200B,2024-10-19,mixed,26.053833333333333,111.55416666666667,239.01666666666665
CGC-200B,2024-10-20,mixed,25.962333333333333,109.90416666666665,240.64833333333334
CGC-200B,2024-10-21,mixed,26.246291666666668,111.7,243.865
CGC-200B,2024-10-22,mixed,26.12708333333333,112.88333333333333,246.50291666666666
CGC-200B,2024-10-23,mixed,25.929000000000002,109.60416666666667,246.05708333333334
CGC-200B,2024-10-24,mixed,25.956666666666667,110.63333333333333,243.535
CGC-200B,2024-10-25,mixed,26.039833333333334,108.7375,242.48666666666668
CGC-200B,2024-10-26,mixed,26.08983333333333,112.41250000000001,241.83375
CGC-200B,2024-10-27,mixed,25.916833333333333,108.83749999999999,243.55708333333334
CGC-200B,2024-10-28,ethane,22.671499999999998,46.05833333333334,246.87125
CGC-200B,2024-10-29,ethane,22.61145833333333,43.324999999999996,248.09458333333336
CGC-200B,2024-10-30,ethane,22.613958333333333,45.9125,247.55291666666665
CGC-200B,2024-10-31,ethane,22.552166666666665,42.233333333333334,245.96208333333334
CGC-200B,2024-11-01,ethane,22.662125,45.27916666666667,243.00791666666666
CGC-200B,2024-11-02,ethane,22.55775,44.9375,242.86
CGC-200B,2024-11-03,ethane,22.483125,48.15833333333333,244.82125
CGC-200B,2024-11-04,ethane,22.428083333333333,44.63333333333333,247.15708333333336
CGC-200B,2024-11-05,ethane,22.493416666666665,47.737500000000004,248.48125000000002
CGC-200B,2024-11-06,ethane,22.407,46.01666666666667,247.56416666666667
CGC-200B,2024-11-07,ethane,22.538875,46.45416666666667,244.98583333333332
CGC-200B,2024-11-08,ethane,22.66679166666667,44.10833333333333,242.11
CGC-200B,2024-11-09,ethane,22.488416666666666,44.8375,241.9
CGC-200B,2024-11-10,ethane,22.684625,43.020833333333336,241.84625000000003
CGC-200B,2024-11-11,ethane,22.439833333333336,42.895833333333336,244.36833333333334
CGC-200B,2024-11-12,ethane,22.496499999999997,43.90833333333333,245.08083333333335
CGC-200B,2024-11-13,ethane,22.429166666666664,45.012499999999996,243.88208333333333
CGC-200B,2024-11-14,ethane,22.514666666666667,46.36666666666667,241.18041666666667
CGC-200B,2024-11-15,ethane,22.479333333333333,46.18333333333334,237.98749999999998
CGC-200B,2024-11-16,ethane,22.548291666666668,43.875,236.92416666666668
CGC-200B,2024-11-17,ethane,22.529208333333333,45.354166666666664,237.7275
CGC-200B,2024-11-18,ethane,22.461125,47.35,240.35875
CGC-200B,2024-11-19,ethane,22.48991666666667,44.65416666666667,241.05458333333334
CGC-200B,2024-11-20,ethane,22.5035,44.6625,239.59916666666666
CGC-200B,2024-11-21,ethane,22.48925,46.68333333333334,236.35166666666666
CGC-200B,2024-11-22,ethane,22.590041666666668,45.387499999999996,234.63666666666666
CGC-200B,2024-11-23,ethane,22.53916666666667,44.20416666666667,233.69791666666666
CGC-200B,2024-11-24,ethane,22.681833333333334,43.925000000000004,234.75
CGC-200B,2024-11-25,ethane,22.387041666666665,41.05416666666667,236.40291666666667
CGC-200B,2024-11-26,ethane,22.58366666666667,45.291666666666664,238.15666666666667
CGC-200B,2024-11-27,ethane,22.560666666666666,43.40833333333333,236.79625
CGC-200B,2024-11-28,ethane,22.548833333333334,43.166666666666664,233.32708333333335
CGC-200B,2024-11-29,ethane,22.476583333333334,46.699999999999996,231.86749999999998
CGC-200B,2024-11-30,ethane,22.588416666666664,43.64166666666667,231.19041666666666
CGC-200B,2024-12-01,ethane,22.632041666666666,45.38333333333333,232.9675
CGC-200B,2024-12-02,ethane,22.457125,46.69583333333333,236.52125
CGC-200B,2024-12-03,ethane,22.503708333333332,44.55833333333334,237.335
CGC-200B,2024-12-04,ethane,22.610625,47.30833333333334,236.7770833333333
CGC-200B,2024-12-05,ethane,22.554333333333332,48.15833333333333,234.8075
CGC-200B,2024-12-06,ethane,22.373166666666666,40.71666666666667,232.3275
CGC-200B,2024-12-07,ethane,22.497874999999997,45.82916666666667,232.5175
CGC-200B,2024-12-08,ethane,22.701291666666666,47.887499999999996,234.155
CGC-200B,2024-12-09,naphtha,29.24525,201.52916666666667,237.38
CGC-200B,2024-12-10,naphtha,29.52254166666667,209.79583333333335,239.34166666666667
CGC-200B,2024-12-11,naphtha,29.448541666666667,211.57916666666665,239.5875
CGC-200B,2024-12-12,naphtha,29.449541666666665,214.29166666666666,237.93875
CGC-200B,2024-12-13,naphtha,29.458,211.65416666666667,235.89291666666668
CGC-200B,2024-12-14,naphtha,29.46666666666667,213.61249999999998,235.70125
CGC-200B,2024-12-15,naphtha,29.373541666666668,213.88750000000002,238.4154166666667
CGC-200B,2024-12-16,naphtha,29.4045,210.9416666666667,241.14333333333335
CGC-200B,2024-12-17,naphtha,29.544833333333333,209.16666666666666,243.64291666666668
CGC-200B,2024-12-18,naphtha,29.493791666666667,210.89583333333334,243.29958333333332
CGC-200B,2024-12-19,naphtha,29.559625,209.2458333333333,241.43083333333334
CGC-200B,2024-12-20,naphtha,29.572374999999997,204.83333333333334,240.4575
CGC-200B,2024-12-21,naphtha,29.637833333333333,210.85416666666666,239.8166666666667
CGC-200B,2024-12-22,naphtha,29.413,211.35416666666666,242.63708333333332
CGC-200B,2024-12-23,naphtha,29.514416666666666,209.66666666666666,244.81041666666667
CGC-200B,2024-12-24,naphtha,29.552833333333336,205.49166666666667,247.45333333333335
CGC-200B,2024-12-25,naphtha,29.497083333333332,212.70000000000002,247.01208333333332
CGC-200B,2024-12-26,naphtha,29.31775,209.54166666666666,245.80166666666665
CGC-200B,2024-12-27,naphtha,29.536,208.42083333333335,243.03875000000002
CGC-200B,2024-12-28,naphtha,29.254958333333335,210.15416666666667,242.79708333333335
CGC-200B,2024-12-29,naphtha,29.493458333333333,209.8125,245.1725
CGC-200B,2024-12-30,naphtha,29.400375,206.07083333333333,247.15333333333334
CGC-200B,2024-12-31,mixed,26.19425,113.87083333333334,248.90875000000003
CGC-200B,2025-01-01,mixed,25.985833333333332,109.22916666666667,248.53
CGC-200B,2025-01-02,mixed,25.952458333333336,106.96249999999999,246.1825
CGC-200B,2025-01-03,mixed,25.915291666666665,108.30833333333334,243.50333333333333
CGC-200B,2025-01-04,mixed,25.953458333333334,105.10000000000001,242.5220833333333
CGC-200B,2025-01-05,mixed,25.953541666666666,111.35000000000001,243.5525
CGC-200B,2025-01-06,mixed,26.152458333333332,111.56666666666666,246.12208333333334
CGC-200B,2025-01-07,mixed,25.979333333333333,111.9375,247.60208333333333
CGC-200B,2025-01-08,mixed,26.00679166666667,108.925,246.76791666666668
CGC-200B,2025-01-09,mixed,26.009625,109.55416666666667,243.8025
CGC-200B,2025-01-10,mixed,26.029666666666667,114.82916666666667,241.24416666666664
CGC-200B,2025-01-11,mixed,25.81058333333333,108.06666666666666,240.21416666666667
CGC-200B,2025-01-12,mixed,25.878874999999997,105.54583333333333,240.26874999999998
CGC-200B,2025-01-13,mixed,25.825791666666664,109.17916666666667,242.4416666666667
CGC-200B,2025-01-14,mixed,25.907875,107.8,243.61333333333334
CGC-200B,2025-01-15,mixed,26.030874999999998,110.81666666666666,242.02958333333333
CGC-200B,2025-01-16,mixed,25.86691666666667,110.8125,239.56208333333333
CGC-200B,2025-01-17,mixed,25.96975,111.77083333333333,236.38166666666666
CGC-200B,2025-01-18,mixed,26.127458333333333,110.90416666666665,236.1208333333333
CGC-200B,2025-01-19,mixed,26.20520833333333,110.19166666666666,236.38333333333333
CGC-200B,2025-01-20,mixed,26.123083333333337,107.64166666666667,238.34083333333334
CGC-200B,2025-01-21,mixed,25.869375,110.89166666666667,239.06083333333333
CGC-200B,2025-01-22,mixed,26.053124999999998,108.8125,238.15833333333333
CGC-200B,2025-01-23,mixed,25.880416666666665,111.1125,235.2720833333333
CGC-200B,2025-01-24,mixed,25.973333333333333,111.02499999999999,233.03166666666667
CGC-200B,2025-01-25,mixed,25.920374999999996,110.47083333333335,232.15416666666667
CGC-200B,2025-01-26,mixed,25.98425,112.02083333333333,233.36125
CGC-200B,2025-01-27,mixed,26.05758333333333,111.44166666666666,236.02166666666665
CGC-200B,2025-01-28,mixed,26.03225,108.97916666666667,236.21416666666667
CGC-200B,2025-01-29,mixed,26.10766666666667,107.41666666666667,236.46166666666667
CGC-200B,2025-01-30,mixed,26.094708333333333,109.10000000000001,233.90125
CGC-200B,2025-01-31,mixed,25.956333333333333,106.04166666666667,232.21666666666667
CGC-200B,2025-02-01,mixed,25.854416666666665,110.075,231.485
CGC-200B,2025-02-02,mixed,25.995583333333332,109.50416666666666,232.69958333333332
CGC-200B,2025-02-03,mixed,25.929541666666665,110.39583333333333,235.78458333333333
CGC-200B,2025-02-04,mixed,25.976208333333332,109.72083333333335,237.7925
CGC-200B,2025-02-05,mixed,25.95220833333333,107.22916666666667,237.4595833333333
CGC-200B,2025-02-06,mixed,25.950125,112.91250000000001,235.44208333333333
CGC-200B,2025-02-07,mixed,26.01,107.32083333333333,233.61541666666668
CGC-200B,2025-02-08,mixed,26.141166666666667,107.40833333333335,234.22833333333332
CGC-200B,2025-02-09,mixed,26.067125,111.67083333333333,236.07375000000002
CGC-200B,2025-02-10,mixed,26.132875,110.00833333333333,238.34083333333334
CGC-200B,2025-02-11,mixed,26.05033333333333,109.05833333333334,240.98833333333334
CGC-200B,2025-02-12,mixed,26.08583333333333,112.45833333333333,240.42916666666667
CGC-200B,2025-02-13,mixed,26.084666666666667,110.09583333333335,239.18125
CGC-200B,2025-02-14,mixed,25.98329166666667,111.22500000000001,237.97458333333336
CGC-200B,2025-02-15,mixed,26.061291666666666,110.79583333333333,237.47833333333332
CGC-200B,2025-02-16,mixed,25.957125,107.45833333333333,240.06791666666666
CGC-200B,2025-02-17,mixed,26.007416666666668,110.24166666666667,243.3429166666667
CGC-200B,2025-02-18,mixed,25.958333333333332,109.625,245.03166666666667
CGC-200B,2025-02-19,mixed,25.929458333333333,108.19583333333333,245.47541666666666
CGC-200B,2025-02-20,mixed,25.98154166666667,108.22500000000001,243.54625
CGC-200B,2025-02-21,mixed,26.00645833333333,106.85416666666667,241.88208333333333
CGC-200B,2025-02-22,mixed,26.011791666666667,110.92083333333333,241.38541666666666
CGC-200B,2025-02-23,mixed,26.031625000000002,105.37916666666666,243.66750000000002
CGC-200B,2025-02-24,mixed,25.942041666666668,110.28333333333335,246.045
CGC-200B,2025-02-25,mixed,25.956916666666668,109.59583333333335,248.03416666666666
CGC-200B,2025-02-26,mixed,25.871875,109.85833333333333,247.76999999999998
CGC-200B,2025-02-27,mixed,25.91870833333333,112.67083333333333,245.99708333333334
CGC-200B,2025-02-28,mixed,25.914375000000003,109.77499999999999,243.66166666666666
CGC-200B,2025-03-01,ethane,22.5665,49.4,242.81958333333333
CGC-200B,2025-03-02,ethane,22.44825,43.04583333333333,243.99875
CGC-200B,2025-03-03,ethane,22.360958333333333,44.9625,247.46
CGC-200B,2025-03-04,ethane,22.446541666666665,45.9625,249.53666666666666
CGC-200B,2025-03-05,ethane,22.520125000000004,47.262499999999996,247.2675
CGC-200B,2025-03-06,ethane,22.55195833333333,42.7125,245.78625
CGC-200B,2025-03-07,ethane,22.366,41.454166666666666,241.76916666666668
CGC-200B,2025-03-08,ethane,22.571416666666668,45.20416666666667,241.40416666666667
CGC-200B,2025-03-09,ethane,22.604875000000003,41.37916666666667,242.05375
CGC-200B,2025-03-10,ethane,22.493416666666665,50.1625,244.40291666666667
CGC-200B,2025-03-11,ethane,22.586083333333335,46.38333333333333,245.71958333333336
CGC-200B,2025-03-12,ethane,22.544541666666664,46.00416666666666,244.46124999999998
CGC-200B,2025-03-13,ethane,22.460416666666664,43.60833333333333,241.99416666666664
CGC-200B,2025-03-14,ethane,22.568166666666666,45.78333333333333,239.40083333333334
CGC-200B,2025-03-15,ethane,22.615958333333335,44.6875,237.78291666666667
CGC-200B,2025-03-16,ethane,22.41395833333333,44.479166666666664,238.82708333333335
CGC-200B,2025-03-17,ethane,22.636750000000003,46.229166666666664,239.57875
CGC-200B,2025-03-18,ethane,22.612375,42.5375,241.62708333333333
CGC-200B,2025-03-19,ethane,22.426166666666663,48.77916666666667,240.60458333333335
CGC-200B,2025-03-20,ethane,22.646958333333334,45.22083333333333,237.66958333333332
CGC-200B,2025-03-21,ethane,22.37754166666667,47.55833333333334,234.39791666666667
CGC-200B,2025-03-22,ethane,22.41208333333333,45.13333333333333,233.36374999999998
CGC-200B,2025-03-23,ethane,22.364,43.487500000000004,234.7325
CGC-200B,2025-03-24,ethane,22.426166666666663,45.00833333333333,236.26833333333332
CGC-200B,2025-03-25,ethane,22.638625,44.87916666666666,238.2408333333333
CGC-200B,2025-03-26,ethane,22.376708333333337,45.62916666666666,236.8575
CGC-200B,2025-03-27,ethane,22.601791666666667,45.18333333333334,234.38333333333333
CGC-200B,2025-03-28,ethane,22.478583333333333,48.57916666666667,231.89874999999998
CGC-200B,2025-03-29,ethane,22.53233333333333,44.43333333333334,231.12375
CGC-200B,2025-03-30,ethane,22.500958333333333,45.70416666666667,232.01708333333332
CGC-200B,2025-03-31,ethane,22.391333333333336,47.97083333333333,235.97416666666666
CGC-200B,2025-04-01,ethane,22.505958333333336,45.354166666666664,236.7825
CGC-200B,2025-04-02,ethane,22.538208333333333,44.8125,235.94833333333335
CGC-200B,2025-04-03,ethane,22.4265,43.71666666666667,234.65958333333333
CGC-200B,2025-04-04,ethane,22.5695,47.612500000000004,232.22333333333333
CGC-200B,2025-04-05,ethane,22.519333333333336,43.9375,231.38208333333333
CGC-200B,2025-04-06,ethane,22.43795833333333,45.958333333333336,233.88750000000002
CGC-200B,2025-04-07,ethane,22.450166666666664,45.99166666666667,235.6654166666667
CGC-200B,2025-04-08,ethane,22.636499999999998,45.025,238.93416666666667
CGC-200B,2025-04-09,ethane,22.461333333333332,43.13333333333333,238.86374999999998
CGC-200B,2025-04-10,ethane,22.497,44.36666666666667,237.1075
CGC-200B,2025-04-11,ethane,22.36045833333333,50.3125,235.4333333333333
CGC-200B,2025-04-12,ethane,22.428458333333335,44.34583333333333,235.73083333333332
CGC-200B,2025-04-13,ethane,22.499624999999998,44.81666666666666,237.10041666666666
CGC-200B,2025-04-14,ethane,22.522166666666667,46.32083333333333,240.475
CGC-200B,2025-04-15,ethane,22.524375000000003,45.333333333333336,242.40583333333333
CGC-200B,2025-04-16,ethane,22.602875,46.479166666666664,243.10333333333332
CGC-200B,2025-04-17,ethane,22.53441666666667,46.45416666666667,241.0945833333333
CGC-200B,2025-04-18,ethane,22.524208333333334,46.36666666666667,239.49833333333333
CGC-200B,2025-04-19,ethane,22.463708333333333,40.4,239.77374999999998
CGC-200B,2025-04-20,ethane,22.413,47.65833333333333,242.07541666666668
CGC-200B,2025-04-21,ethane,22.461166666666667,45.229166666666664,244.23083333333332
CGC-200B,2025-04-22,ethane,22.38116666666667,48.3375,246.8033333333333
CGC-200B,2025-04-23,ethane,22.476333333333333,48.541666666666664,246.76541666666665
CGC-200B,2025-04-24,ethane,22.40116666666667,43.01666666666667,243.37541666666667
CGC-200B,2025-04-25,ethane,22.441083333333335,40.175000000000004,205.92625
CGC-200B,2025-04-26,ethane,22.646541666666664,41.99583333333333,228.37416666666664
CGC-200B,2025-04-27,ethane,22.537166666666668,42.7875,244.41416666666666
CGC-200B,2025-04-28,ethane,22.628083333333333,43.074999999999996,247.61958333333334
CGC-200B,2025-04-29,ethane,22.566875,46.42916666666667,249.33791666666664
CGC-200B,2025-04-30,ethane,22.476791666666667,43.75833333333333,247.79958333333332
CGC-200B,2025-05-01,ethane,22.502791666666667,44.98333333333333,246.01333333333332
CGC-200B,2025-05-02,ethane,22.399541666666664,43.92083333333333,243.82916666666665
CGC-200B,2025-05-03,ethane,22.553375,40.987500000000004,243.06958333333333
CGC-200B,2025-05-04,mixed,25.857041666666664,103.0,244.2325
CGC-200B,2025-05-05,mixed,25.973375,110.04166666666667,246.34583333333333
CGC-200B,2025-05-06,mixed,26.029750000000003,111.43333333333334,247.94125
CGC-200B,2025-05-07,mixed,25.985125,107.35416666666667,246.85541666666666
CGC-200B,2025-05-08,mixed,26.012874999999998,112.23333333333333,243.54083333333332
CGC-200B,2025-05-09,mixed,25.954833333333337,110.41666666666667,242.18916666666667
CGC-200B,2025-05-10,mixed,25.923166666666663,110.60416666666667,239.89833333333334
CGC-200B,2025-05-11,mixed,26.132916666666663,107.09583333333335,240.36333333333334
CGC-200B,2025-05-12,mixed,26.072125,106.61666666666667,242.95875
CGC-200B,2025-05-13,mixed,25.97429166666667,109.8875,244.40083333333334
CGC-200B,2025-05-14,mixed,26.176833333333335,112.45,242.67125
CGC-200B,2025-05-15,mixed,26.097416666666664,111.22083333333335,239.62541666666667
CGC-200B,2025-05-16,mixed,26.03333333333333,110.46249999999999,237.54375000000002
CGC-200B,2025-05-17,mixed,25.974999999999998,109.44583333333333,235.85583333333332
CGC-200B,2025-05-18,mixed,26.005916666666668,106.38333333333333,236.05166666666665
CGC-200B,2025-05-19,mixed,25.9765,108.42083333333333,238.58083333333332
CGC-200B,2025-05-20,mixed,25.869874999999997,112.73333333333333,239.55458333333334
CGC-200B,2025-05-21,mixed,26.049208333333336,111.24583333333334,238.36291666666668
CGC-200B,2025-05-22,mixed,26.012625,111.0,235.72875
CGC-200B,2025-05-23,mixed,26.016416666666668,110.00416666666666,233.72208333333333
CGC-200B,2025-05-24,mixed,25.851708333333335,113.02916666666665,232.44416666666666
CGC-200B,2025-05-25,ethane,22.727125,47.387499999999996,233.7175
CGC-200B,2025-05-26,ethane,22.541083333333333,48.49583333333334,234.83666666666667
CGC-200B,2025-05-27,ethane,22.586583333333333,44.12083333333334,237.10208333333333
CGC-200B,2025-05-28,ethane,22.59025,46.6875,235.6470833333333
CGC-200B,2025-05-29,ethane,22.515,47.22083333333333,234.61166666666668
CGC-200B,2025-05-30,ethane,22.535291666666666,42.800000000000004,231.84333333333333
CGC-200B,2025-05-31,ethane,22.48945833333333,42.637499999999996,230.4525
CGC-200B,2025-06-01,ethane,22.46383333333333,44.025,233.82666666666668
CGC-200B,2025-06-02,ethane,22.346041666666665,47.43333333333334,235.29833333333332
CGC-200B,2025-06-03,ethane,22.557374999999997,48.70416666666667,237.09875
CGC-200B,2025-06-04,ethane,22.480791666666665,45.050000000000004,237.0220833333333
CGC-200B,2025-06-05,ethane,22.613333333333333,49.00833333333333,235.24166666666667
CGC-200B,2025-06-06,ethane,22.472916666666666,44.737500000000004,233.65583333333333
CGC-200B,2025-06-07,ethane,22.50825,46.75,233.04666666666665
CGC-200B,2025-06-08,ethane,22.598791666666667,42.96666666666667,235.27541666666664
CGC-200B,2025-06-09,ethane,22.502750000000002,44.25,238.67583333333334
CGC-200B,2025-06-10,ethane,22.58875,47.27916666666667,240.94458333333333
CGC-200B,2025-06-11,ethane,22.38716666666667,42.4625,240.84166666666667
CGC-200B,2025-06-12,ethane,22.4725,44.40416666666667,238.21666666666667
CGC-200B,2025-06-13,ethane,22.532458333333334,42.9625,237.39125
CGC-200B,2025-06-14,ethane,22.55270833333333,46.26666666666667,237.18833333333336
CGC-200B,2025-06-15,ethane,22.549625000000002,45.27916666666667,239.45041666666668
CGC-200B,2025-06-16,ethane,22.415458333333333,46.42083333333333,242.55916666666667
CGC-200B,2025-06-17,ethane,22.389208333333332,43.68333333333334,244.60666666666668
CGC-200B,2025-06-18,ethane,22.576791666666665,43.97083333333333,244.53625
CGC-200B,2025-06-19,ethane,22.40670833333333,47.958333333333336,243.24791666666667
CGC-200B,2025-06-20,ethane,22.432833333333335,43.30416666666667,241.20083333333332
CGC-200B,2025-06-21,ethane,22.582624999999997,45.737500000000004,241.32666666666668
CGC-200B,2025-06-22,ethane,22.286166666666663,47.824999999999996,242.735
CGC-200B,2025-06-23,ethane,22.526791666666668,44.47083333333333,246.2591666666667
CGC-200B,2025-06-24,ethane,22.534458333333333,41.17916666666667,248.52374999999998
CGC-200B,2025-06-25,ethane,22.523375,48.975,248.46708333333333
CGC-200B,2025-06-26,ethane,22.444833333333335,43.56666666666666,245.91291666666666
CGC-200B,2025-06-27,ethane,22.49729166666667,44.64166666666667,244.56791666666666
CGC-200B,2025-06-28,ethane,22.488333333333333,47.520833333333336,243.09208333333333
CGC-200B,2025-06-29,ethane,22.570125,44.77916666666667,244.83416666666668
CGC-200B,2025-06-30,ethane,22.451375,47.237500000000004,246.25833333333333
CGC-200B,2025-07-01,ethane,22.505791666666667,45.625,249.14499999999998
CGC-200B,2025-07-02,ethane,22.582375,46.166666666666664,248.8275
CGC-200B,2025-07-03,ethane,22.4845,46.15833333333333,245.79833333333332
CGC-200B,2025-07-04,ethane,22.559291666666667,42.1,243.53666666666666
CGC-200B,2025-07-05,ethane,22.511666666666667,46.53333333333333,242.57375000000002
CGC-200B,2025-07-06,ethane,22.48045833333333,42.30833333333333,242.84208333333333
CGC-200B,2025-07-07,ethane,22.400208333333335,43.97083333333333,246.03666666666666
CGC-200B,2025-07-08,ethane,22.452749999999998,45.416666666666664,246.63916666666668
CGC-200B,2025-07-09,ethane,22.41433333333333,42.55,245.75666666666666
CGC-200B,2025-07-10,ethane,22.491083333333332,43.85,243.19125
CGC-200B,2025-07-11,ethane,22.56058333333333,48.525,239.3025
CGC-200B,2025-07-12,ethane,22.490333333333336,43.40416666666667,238.52958333333333
CGC-200B,2025-07-13,ethane,22.46604166666667,43.612500000000004,239.60083333333333
CGC-200B,2025-07-14,ethane,22.508041666666667,44.145833333333336,241.46708333333333
CGC-200B,2025-07-15,ethane,22.51425,45.46666666666667,242.3575
CGC-200B,2025-07-16,ethane,22.472416666666664,44.21666666666667,241.25458333333333
CGC-200B,2025-07-17,ethane,22.527458333333332,45.49583333333334,237.19583333333333
CGC-200B,2025-07-18,ethane,22.52479166666667,46.0625,205.9775
CGC-200B,2025-07-19,ethane,22.445375,43.32083333333333,205.16125
CGC-200B,2025-07-20,ethane,22.537666666666667,43.824999999999996,220.61708333333334
CGC-200B,2025-07-21,ethane,22.459041666666668,46.145833333333336,236.85958333333335
CGC-200B,2025-07-22,ethane,22.359791666666666,44.4625,239.06583333333333
CGC-200B,2025-07-23,ethane,22.44725,46.06666666666667,237.25250000000003
CGC-200B,2025-07-24,ethane,22.417041666666666,46.925000000000004,235.54
CGC-200B,2025-07-25,ethane,22.569875,43.87083333333334,233.14333333333332
CGC-200B,2025-07-26,ethane,22.482166666666668,51.80833333333334,231.0354166666667
CGC-200B,2025-07-27,naphtha,29.285666666666668,203.80416666666667,231.42916666666667
CGC-200B,2025-07-28,naphtha,29.421499999999998,210.1625,234.9779166666667
CGC-200B,2025-07-29,naphtha,29.399083333333333,210.2125,236.17916666666667
CGC-200B,2025-07-30,naphtha,29.514333333333337,210.5583333333333,236.46208333333334
CGC-200B,2025-07-31,naphtha,29.513458333333332,207.15833333333333,234.05499999999998
CGC-200B,2025-08-01,naphtha,29.492416666666667,205.16666666666666,231.92666666666665
CGC-200B,2025-08-02,naphtha,29.494791666666668,211.6208333333333,231.4283333333333
CGC-200B,2025-08-03,naphtha,29.489833333333333,207.23749999999998,232.68125
CGC-200B,2025-08-04,naphtha,29.623208333333334,209.2125,236.37249999999997
CGC-200B,2025-08-05,naphtha,29.285749999999997,204.26666666666665,239.10916666666665
CGC-200B,2025-08-06,ethane,22.899625,50.40416666666667,238.43375
CGC-200B,2025-08-07,ethane,22.498625,44.02916666666667,236.91458333333333
CGC-200B,2025-08-08,ethane,22.433374999999998,46.0375,234.5716666666667
CGC-200B,2025-08-09,ethane,22.381874999999997,43.50416666666666,234.35625000000002
CGC-200B,2025-08-10,ethane,22.605249999999998,47.791666666666664,236.43833333333336
CGC-200B,2025-08-11,ethane,22.438458333333333,44.44583333333333,239.7458333333333
CGC-200B,2025-08-12,ethane,22.54404166666667,42.645833333333336,242.4920833333333
CGC-200B,2025-08-13,ethane,22.48391666666667,49.19166666666666,
CGC-200B,2025-08-14,ethane,22.42504166666667,42.145833333333336,
CGC-200B,2025-08-15,ethane,22.441875,42.74166666666667,
CGC-200B,2025-08-16,ethane,22.4345,45.12916666666666,
CGC-200B,2025-08-17,ethane,22.484666666666666,46.55833333333334,
CGC-200B,2025-08-18,ethane,22.531791666666667,47.1625,
CGC-200B,2025-08-19,ethane,22.599208333333333,44.5625,220.93791666666667
CGC-200B,2025-08-20,ethane,22.450958333333332,46.4125,218.76583333333335
CGC-200B,2025-08-21,ethane,22.46375,43.666666666666664,244.37750000000003
CGC-200B,2025-08-22,ethane,22.487958333333335,44.020833333333336,242.78666666666666
CGC-200B,2025-08-23,ethane,22.5885,46.487500000000004,243.16333333333333
CGC-200B,2025-08-24,ethane,22.414083333333334,45.35833333333333,243.84166666666667
CGC-200B,2025-08-25,ethane,22.379666666666665,46.550000000000004,246.9416666666667
CGC-200B,2025-08-26,ethane,22.444666666666667,44.44166666666666,248.50375
CGC-200B,2025-08-27,ethane,22.475125000000002,45.86666666666667,247.68416666666667
CGC-200B,2025-08-28,ethane,22.462708333333335,44.166666666666664,245.8658333333333
CGC-200B,2025-08-29,ethane,22.377458333333333,42.525,243.29541666666668
CGC-200B,2025-08-30,mixed,25.789083333333334,108.22083333333335,243.46333333333334
CGC-200B,2025-08-31,mixed,25.9365,110.9375,243.89666666666668
CGC-200B,2025-09-01,mixed,26.091458333333335,107.35416666666667,246.72541666666666
CGC-200B,2025-09-02,mixed,25.908041666666666,107.19166666666666,247.90041666666664
CGC-200B,2025-09-03,mixed,26.08220833333333,108.9875,247.09375
CGC-200B,2025-09-04,mixed,26.061625000000003,108.77499999999999,244.52958333333333
CGC-200B,2025-09-05,mixed,26.033583333333336,109.99166666666667,242.04708333333335
CGC-200B,2025-09-06,mixed,25.996291666666668,111.06666666666666,240.61208333333332
CGC-200B,2025-09-07,mixed,25.865416666666665,113.325,242.13
CGC-200B,2025-09-08,mixed,25.96983333333333,109.70416666666667,243.36333333333334
CGC-200B,2025-09-09,mixed,26.040791666666667,111.85833333333333,244.80416666666667
CGC-200B,2025-09-10,mixed,26.013625,111.24166666666667,243.28583333333333
CGC-200B,2025-09-11,mixed,26.021874999999998,109.33333333333333,241.0304166666667
CGC-200B,2025-09-12,mixed,26.040000000000003,110.1875,237.47083333333333
CGC-200B,2025-09-13,mixed,25.927666666666667,111.73333333333333,236.70833333333334
CGC-200B,2025-09-14,mixed,25.982416666666666,110.87916666666666,237.02416666666667
CGC-200B,2025-09-15,mixed,25.970291666666668,109.66250000000001,239.83833333333334
CGC-200B,2025-09-16,mixed,26.039749999999998,109.19583333333333,241.01791666666668
CGC-200B,2025-09-17,mixed,26.102208333333333,108.27083333333333,222.1604166666667
CGC-200B,2025-09-18,mixed,26.10325,113.85000000000001,205.09333333333333
CGC-200B,2025-09-19,mixed,26.032916666666665,108.89166666666667,233.09833333333333
CGC-200B,2025-09-20,mixed,26.046791666666667,111.325,232.99916666666664
CGC-200B,2025-09-21,mixed,26.021708333333333,111.5625,234.67583333333334
CGC-200B,2025-09-22,mixed,26.033291666666667,109.18333333333334,235.91333333333333
CGC-200B,2025-09-23,mixed,25.98029166666667,108.64166666666667,237.0845833333333
CGC-200B,2025-09-24,mixed,26.046833333333336,108.44583333333333,237.21708333333333
CGC-200B,2025-09-25,mixed,25.97275,107.03750000000001,234.34875
CGC-200B,2025-09-26,mixed,25.948875,109.40416666666665,232.49875
CGC-200B,2025-09-27,mixed,25.991041666666664,109.75833333333333,231.20749999999998
CGC-200B,2025-09-28,mixed,25.885333333333335,107.83749999999999,232.53583333333333
CGC-200B,2025-09-29,mixed,25.922416666666667,108.52499999999999,235.14833333333334
CGC-200B,2025-09-30,mixed,25.9585,110.05833333333334,237.21375
CGC-200B,2025-10-01,mixed,26.054541666666665,109.75833333333333,236.92458333333335
CGC-200B,2025-10-02,mixed,25.912458333333333,105.4875,234.53625
CGC-200B,2025-10-03,mixed,26.156000000000002,110.16250000000001,232.20458333333332
CGC-200B,2025-10-04,mixed,25.874291666666664,111.68333333333334,232.80291666666668
CGC-200B,2025-10-05,mixed,25.922749999999997,115.00833333333333,234.76125000000002
CGC-200B,2025-10-06,mixed,26.047583333333336,109.3125,237.80083333333334
CGC-200B,2025-10-07,mixed,25.951833333333337,108.67916666666667,240.16083333333333
CGC-200B,2025-10-08,mixed,25.988125,110.11666666666667,239.99958333333333
CGC-200B,2025-10-09,mixed,26.01308333333333,109.575,237.85166666666666
CGC-200B,2025-10-10,mixed,26.031125,107.91250000000001,236.6916666666667
CGC-200B,2025-10-11,mixed,25.988874999999997,109.16666666666667,236.63708333333332
CGC-200B,2025-10-12,mixed,26.071375,110.41666666666667,238.89125
CGC-200B,2025-10-13,mixed,25.974666666666668,111.16666666666667,241.98166666666665
CGC-200B,2025-10-14,mixed,25.983125,111.33749999999999,244.36625
CGC-200B,2025-10-15,mixed,25.9995,110.46249999999999,244.29916666666668
CGC-200B,2025-10-16,mixed,26.011416666666666,111.52916666666665,242.2541666666667
CGC-200B,2025-10-17,mixed,26.087208333333333,112.26666666666667,240.31583333333333
CGC-200B,2025-10-18,mixed,25.9785,109.54583333333333,240.44875000000002
CGC-200B,2025-10-19,mixed,25.98375,108.37083333333334,242.7775
CGC-200B,2025-10-20,mixed,25.979583333333334,109.08333333333333,245.70333333333335
CGC-200B,2025-10-21,mixed,25.92125,107.41666666666667,247.79666666666665
CGC-200B,2025-10-22,mixed,26.097916666666666,106.39999999999999,247.43458333333334
CGC-200B,2025-10-23,mixed,26.095125,109.9375,245.5225
CGC-200B,2025-10-24,mixed,25.984875,110.62083333333334,243.97375
CGC-200B,2025-10-25,mixed,25.835333333333335,111.66666666666667,243.31416666666667
CGC-200B,2025-10-26,mixed,25.937625,110.05,244.7854166666667
CGC-200B,2025-10-27,mixed,25.925416666666667,113.34583333333335,247.3658333333333
CGC-200B,2025-10-28,mixed,25.936791666666664,109.88333333333333,248.79125
CGC-200B,2025-10-29,mixed,26.108625,110.5125,248.04250000000002
CGC-200B,2025-10-30,mixed,25.963624999999997,107.69166666666666,245.64541666666665
CGC-200B,2025-10-31,mixed,26.010833333333334,112.65833333333335,243.23791666666668
CGC-200B,2025-11-01,mixed,25.884416666666667,109.11666666666667,242.5875
CGC-200B,2025-11-02,mixed,25.951875,111.2375,243.19000000000003
CGC-200B,2025-11-03,mixed,25.879,111.78750000000001,245.42999999999998
CGC-200B,2025-11-04,mixed,26.029,107.45416666666667,247.19583333333333
CGC-200B,2025-11-05,mixed,26.094708333333333,109.86666666666667,245.94083333333333
CGC-200B,2025-11-06,mixed,25.983541666666667,113.82083333333333,242.83166666666668
CGC-200B,2025-11-07,mixed,26.016958333333335,107.73333333333333,240.04875
CGC-200B,2025-11-08,mixed,25.956833333333336,110.09166666666665,238.85708333333332
CGC-200B,2025-11-09,naphtha,29.496499999999997,206.4416666666667,240.32458333333332
CGC-200B,2025-11-10,naphtha,29.456541666666666,208.94583333333333,242.41166666666666
CGC-200B,2025-11-11,naphtha,29.635666666666665,213.23333333333335,243.15416666666667
CGC-200B,2025-11-12,naphtha,29.423875,208.91666666666666,241.69125
CGC-200B,2025-11-13,naphtha,29.419458333333335,209.5,238.71833333333333
CGC-200B,2025-11-14,naphtha,29.429458333333333,209.5041666666667,236.23874999999998
CGC-200B,2025-11-15,naphtha,29.51879166666667,213.28333333333333,234.96124999999998
CGC-200B,2025-11-16,naphtha,29.49775,212.01666666666665,235.93916666666667
CGC-200B,2025-11-17,naphtha,29.501875,212.51250000000002,238.18499999999997
CGC-200B,2025-11-18,naphtha,29.409166666666668,209.1291666666667,239.28374999999997
CGC-200B,2025-11-19,naphtha,29.427458333333334,209.29583333333335,237.98958333333334
CGC-200B,2025-11-20,naphtha,29.392666666666667,208.22083333333333,234.93083333333334
CGC-200B,2025-11-21,naphtha,29.495625,207.1875,232.87041666666667
CGC-200B,2025-11-22,naphtha,29.445375,212.39583333333334,231.27541666666664
CGC-200B,2025-11-23,naphtha,29.46475,209.33333333333334,232.69041666666666
CGC-200B,2025-11-24,naphtha,29.40275,205.5041666666667,235.46583333333334
CGC-200B,2025-11-25,naphtha,29.510333333333335,213.20833333333334,236.2975
CGC-200B,2025-11-26,naphtha,29.394583333333333,210.09166666666667,235.99916666666664
CGC-200B,2025-11-27,naphtha,29.657124999999997,211.0,234.505
CGC-200B,2025-11-28,naphtha,29.57795833333333,211.45833333333334,232.30583333333334
CGC-200B,2025-11-29,naphtha,29.673166666666663,214.0,232.28125
CGC-200B,2025-11-30,naphtha,29.485333333333333,208.04166666666666,233.19041666666666
CGC-200B,2025-12-01,naphtha,29.538416666666667,210.79999999999998,236.9275
CGC-200B,2025-12-02,naphtha,29.536208333333335,209.83333333333334,238.24333333333334
CGC-200B,2025-12-03,naphtha,29.421125,210.0875,238.03916666666666
CGC-200B,2025-12-04,naphtha,29.403458333333333,212.32916666666665,236.39166666666665
CGC-200B,2025-12-05,naphtha,29.51054166666667,213.52916666666667,234.76874999999998
CGC-200B,2025-12-06,naphtha,29.520583333333335,208.45000000000002,234.43708333333333
CGC-200B,2025-12-07,naphtha,29.577708333333334,212.03333333333333,236.23041666666666
CGC-200B,2025-12-08,naphtha,29.60966666666667,210.13333333333333,238.88541666666666
CGC-200B,2025-12-09,naphtha,29.444083333333335,212.67916666666667,241.85125000000002
CGC-200B,2025-12-10,naphtha,29.34766666666667,210.22083333333333,241.17958333333334
CGC-200B,2025-12-11,naphtha,29.528833333333335,211.2541666666667,240.19083333333333
CGC-200B,2025-12-12,naphtha,29.553208333333334,210.79583333333335,237.97041666666667
CGC-200B,2025-12-13,naphtha,29.595291666666668,206.1208333333333,238.40958333333333
CGC-200B,2025-12-14,naphtha,29.43875,208.02916666666667,240.70749999999998
CGC-200B,2025-12-15,naphtha,29.48629166666667,212.71666666666667,243.54416666666668
CGC-200B,2025-12-16,naphtha,29.43041666666667,208.34166666666667,246.00166666666667
CGC-200B,2025-12-17,naphtha,29.482041666666664,208.07083333333333,246.25
CGC-200B,2025-12-18,naphtha,29.541208333333334,207.13750000000002,244.09583333333333
CGC-200B,2025-12-19,naphtha,29.539749999999998,209.33333333333334,242.465
CGC-200B,2025-12-20,naphtha,29.5775,206.625,241.99375
CGC-200B,2025-12-21,naphtha,29.380458333333333,210.86666666666667,243.48958333333334
CGC-200B,2025-12-22,naphtha,29.458416666666665,210.65,246.97625000000002
CGC-200B,2025-12-23,naphtha,29.594041666666666,210.2875,248.03708333333336
CGC-200B,2025-12-24,naphtha,29.499958333333336,207.85833333333335,248.10916666666665
CGC-200B,2025-12-25,naphtha,29.483375,210.60416666666666,246.53083333333333
CGC-200B,2025-12-26,naphtha,29.499583333333334,210.88333333333333,244.245
CGC-200B,2025-12-27,naphtha,29.38383333333333,210.97916666666666,243.715
CGC-200B,2025-12-28,naphtha,29.574833333333334,212.86666666666667,244.08875
CGC-200B,2025-12-29,naphtha,29.389791666666667,207.29583333333335,247.10375
CGC-200B,2025-12-30,naphtha,29.559708333333333,211.375,248.04458333333332
